id,name,description,color,allow_timesheets,fincas_pma,zafra,odc,frente,subfinca,up,lote,has,correg,dist,desr,ubic,tds,fecha_est_cosecha,tipocorte,variedad,fdc,fds,hdc,hdq,hasq,tonq,hasv,tonv,tche1,tche2,tche3,hasc,toncos,tonme,tonrt,tchr,difton,difprc,are,bx,sac,pza,red,ph,tch_01,dif_01,tch_02,dif_02,tch_03,dif_03,tch_04,dif_04,dosm,mad,fdam
196,Jarquin,Jarquin-10,3,true,3,2020-2021,31,6,3,100001,10,12.27,,8.4,1.5,,AR,21/03/2021 05:40,C04,CP72-2086,,,,,0,0,0,0,0,0,0,0,0,0,0,0,0,0,0,0,0,0,0,0,88.0195599,0,87.18337408,0,114,0,50,0,0,,
197,Jarquin,Jarquin-20,3,true,3,2020-2021,32,6,3,100001,20,10.9,,8.4,1.5,,ARF,22/03/2021 03:39,C04,CP89-2376,,,,,0,0,0,0,0,0,0,0,0,0,0,0,0,0,0,0,0,0,0,0,91.50091743,0,96.09908257,0,96,0,66,0,0,,
198,Jarquin,Jarquin-30,3,true,3,2020-2021,36,6,3,100001,30,6.44,,8.4,1.5,,AR,25/03/2021 15:12,C01,SP81-3250,,,,,0,0,0,0,0,0,0,0,0,0,0,0,0,0,0,0,0,0,0,0,43.78726708,0,57.27173913,0,82,0,42,0,0,,
199,Jarquin,Jarquin-40,3,true,3,2020-2021,33,6,3,100001,40,17.13,,8.4,1.5,,ARF,23/03/2021 16:07,C02,CP89-2376,,,,,0,0,0,0,0,0,0,0,0,0,0,0,0,0,0,0,0,0,0,0,97.44716871,0,70.56917688,0,83,0,89,0,0,,
200,Jarquin,Jarquin-50,3,true,3,2020-2021,34,6,3,100001,50,9.37,,8.4,1.5,,ARF,24/03/2021 15:13,C02,SP81-3250,,,,,0,0,0,0,0,0,0,0,0,0,0,0,0,0,0,0,0,0,0,0,127.4738527,0,81.36499466,0,0,0,0,0,0,,
201,Jarquin,Jarquin-51,3,true,3,2020-2021,35,6,3,100001,51,5.87,,8.4,1.5,,ARF,25/03/2021 04:22,C02,SP81-3250,,,,,0,0,0,0,0,0,0,0,0,0,0,0,0,0,0,0,0,0,0,0,85.33219761,0,81.36456559,0,0,0,0,0,0,,
202,Jarquin,Jarquin-60,3,true,3,2020-2021,57,6,3,100001,60,7.3,,8.4,1.5,,ARF,13/04/2021 12:28,C02,SP81-3250,,,,,0,0,0,0,0,0,0,0,0,0,0,0,0,0,0,0,0,0,0,0,118.0547945,0,69.20547945,0,0,0,0,0,0,,
203,Jarquin,Jarquin-65,3,true,3,2020-2021,61,3,3,100001,65,0.92,,8.4,1.5,,ARF,12/04/2021 09:26,C09,SP81-3250,,,,,0,0,0,0,0,0,0,0,0,0,0,0,0,0,0,0,0,0,0,0,134.7717391,0,148.6304348,0,113,0,93,0,0,,
204,Jarquin,Jarquin-70,3,true,3,2020-2021,14,3,3,100001,70,3.77,,8.4,1.5,,ARF,25/01/2021 15:20,C06,SP81-3250,,,,,0,0,0,0,0,0,0,0,0,0,0,0,0,0,0,0,0,0,0,0,65.9867374,0,57.78249337,0,77,0,77,0,0,,
205,Jarquin,Jarquin-90,3,true,3,2020-2021,58,3,3,100001,90,13.99,,8.4,1.5,,ARF,11/04/2021 10:42,C04,CP89-2376,,,,,0,0,0,0,0,0,0,0,0,0,0,0,0,0,0,0,0,0,0,0,99.40243031,0,84.69049321,0,69,0,70,0,0,,
206,Jarquin,Jarquin-100,3,true,3,2020-2021,60,3,3,100001,100,1.13,,7.1,1.5,,ARF,12/04/2021 04:14,C03,SP81-3250,,,,,0,0,0,0,0,0,0,0,0,0,0,0,0,0,0,0,0,0,0,0,80,0,99.9380531,0,81,0,0,0,0,,
207,Jarquin,Jarquin-120,3,true,3,2020-2021,59,3,3,100001,120,2.74,,7.1,1.5,,ARF,11/04/2021 23:07,C03,SP81-3250,,,,,0,0,0,0,0,0,0,0,0,0,0,0,0,0,0,0,0,0,0,0,81.45985401,0,70.30656934,0,97,0,0,0,0,,
208,Jarquin,Jarquin-130,3,true,3,2020-2021,54,6,3,100001,130,13.69,,8.4,1.5,,AR,10/04/2021 23:10,C04,SP70-1284,,,,,0,0,0,0,0,0,0,0,0,0,0,0,0,0,0,0,0,0,0,0,54.98977356,0,79.91234478,0,73,0,70,0,0,,
209,Jarquin,Jarquin-131,3,true,3,2020-2021,55,6,3,100001,131,6.5,,8.4,1.5,,ARF,11/04/2021 10:05,C06,SP81-3250,,,,,0,0,0,0,0,0,0,0,0,0,0,0,0,0,0,0,0,0,0,0,73.53230769,0,85.01384615,0,102,0,83,0,0,,
210,Jarquin,Jarquin-135,3,true,3,2020-2021,56,6,3,100001,135,17,,8.4,1.5,,AR,12/04/2021 18:28,C01,SP81-3250,,,,,0,0,0,0,0,0,0,0,0,0,0,0,0,0,0,0,0,0,0,0,50.09705882,0,65.85294118,0,79,0,69,0,0,,
211,Jarquin,Jarquin-140,3,true,3,2020-2021,17,3,3,100001,140,21.36,,6.7,1.5,,FAF,02/02/2021 12:51,CQ07,SP81-3250,,,,,0,0,0,0,0,0,0,0,0,0,0,0,0,0,0,0,0,0,0,0,80,0,64.02891728,0,89,0,76,0,0,,
212,Jarquin,Jarquin-145,3,true,3,2020-2021,38,6,3,100001,145,3.65,,6.9,1.5,,FAF,27/03/2021 04:52,GC,SP81-3250,,,,,0,0,0,0,0,0,0,0,0,0,0,0,0,0,0,0,0,0,0,0,0,0,0,0,0,0,0,0,0,,
213,Jarquin,Jarquin-146,3,true,3,2020-2021,19,3,3,100001,146,2.92,,7,1.5,,FAF,04/02/2021 21:06,GC,B82-333,,,,,0,0,0,0,0,0,0,0,0,0,0,0,0,0,0,0,0,0,0,0,0,0,0,0,0,0,0,0,0,,
214,Jarquin,Jarquin-150,3,true,3,2020-2021,18,3,3,100001,150,7.6,,8.4,1.5,,FAF,04/02/2021 07:52,C03,Sem-Basi,,,,,0,0,0,0,0,0,0,0,0,0,0,0,0,0,0,0,0,0,0,0,100.3092105,0,120.6315789,0,0,0,71,0,0,,
215,Jarquin,Jarquin-160,3,true,3,2020-2021,53,6,3,100001,160,12.52,,8.4,1.5,,FAF,10/04/2021 00:09,C08,SP81-3250,,,,,0,0,0,0,0,0,0,0,0,0,0,0,0,0,0,0,0,0,0,0,79.62939297,0,63.61421725,0,101,0,82,0,0,,
216,Jarquin,Jarquin-161,3,true,3,2020-2021,57,3,3,100001,161,5,,8.4,1.5,,FAF,08/04/2021 03:30,C06,Sem-Basi,,,,,0,0,0,0,0,0,0,0,0,0,0,0,0,0,0,0,0,0,0,0,76,0,85.818,0,0,0,82,0,0,,
217,Jarquin,Jarquin-165,3,true,3,2020-2021,52,6,3,100001,165,8.5,,8.4,1.5,,FAF,09/04/2021 01:43,C05,SP70-1284,,,,,0,0,0,0,0,0,0,0,0,0,0,0,0,0,0,0,0,0,0,0,98.46235294,0,96.22823529,0,139,0,119,0,0,,
218,Jarquin,Jarquin-166,3,true,3,2020-2021,51,4,3,100001,166,6.19,,8.4,1.5,,FAF,08/04/2021 06:40,C05,CP89-2376,,,,,0,0,0,0,0,0,0,0,0,0,0,0,0,0,0,0,0,0,0,0,84.35056543,0,108.3150242,0,119,0,88,0,0,,
219,Jarquin,Jarquin-167,3,true,3,2020-2021,50,4,3,100001,167,2.39,,8.4,1.5,,FAF,07/04/2021 18:52,C04,SP70-1284,,,,,0,0,0,0,0,0,0,0,0,0,0,0,0,0,0,0,0,0,0,0,88.16736402,0,102.748954,0,0,0,90,0,0,,
220,Jarquin,Jarquin-168,3,true,3,2020-2021,22,4,3,100001,168,1.56,,5.6,1.5,,FAF,22/02/2021 16:19,C04,PCG12-745,,,,,0,0,0,0,0,0,0,0,0,0,0,0,0,0,0,0,0,0,0,0,97.75641026,0,75.97435897,0,0,0,68,0,0,,
221,Jarquin,Jarquin-190,3,true,3,2020-2021,15,3,3,100001,190,5.72,,8.4,1.5,,FAF,26/01/2021 20:28,C06,CP72-2086,,,,,0,0,0,0,0,0,0,0,0,0,0,0,0,0,0,0,0,0,0,0,78.67132867,0,84.58916084,0,90,0,78,0,0,,
222,Jarquin,Jarquin-191,3,true,3,2020-2021,16,3,3,100001,191,0.75,,5.6,1.5,,FAF,26/01/2021 23:39,C03,CP72-2086,,,,,0,0,0,0,0,0,0,0,0,0,0,0,0,0,0,0,0,0,0,0,65.70666667,0,120.0533333,0,120,0,0,0,0,,
223,Jarquin,Jarquin-210,3,true,3,2020-2021,40,6,3,100001,210,7.07,,8.4,1.5,,FAF,29/03/2021 03:49,C06,CP72-2086,,,,,0,0,0,0,0,0,0,0,0,0,0,0,0,0,0,0,0,0,0,0,88.74964639,0,69.13578501,0,130,0,102,0,0,,
224,Jarquin,Jarquin-220,3,true,3,2020-2021,45,6,3,100001,220,16.21,,8.4,1.5,,FAF,04/04/2021 11:50,C05,SP81-3250,,,,,0,0,0,0,0,0,0,0,0,0,0,0,0,0,0,0,0,0,0,0,103.1320173,0,107.80876,0,120,0,113,0,0,,
225,Jarquin,Jarquin-230,3,true,3,2020-2021,44,6,3,100001,230,14.14,,8.4,1.5,,FAF,02/04/2021 21:42,C05,SP70-1284,,,,,0,0,0,0,0,0,0,0,0,0,0,0,0,0,0,0,0,0,0,0,114.7602546,0,129.5106082,0,138,0,152,0,0,,
226,Jarquin,Jarquin-240,3,true,3,2020-2021,47,6,3,100001,240,9.37,,5,1.5,,FAF,06/04/2021 04:37,C05,SP81-3250,,,,,0,0,0,0,0,0,0,0,0,0,0,0,0,0,0,0,0,0,0,0,98.31696905,0,69.48879402,0,119,0,46,0,0,,
227,Jarquin,Jarquin-250,3,true,3,2020-2021,46,6,3,100001,250,10.39,,8.4,1.5,,FAF,05/04/2021 07:38,C04,Sem-Basi,,,,,0,0,0,0,0,0,0,0,0,0,0,0,0,0,0,0,0,0,0,0,82.80365736,0,68.9894129,0,103,0,57,0,0,,
228,Jarquin,Jarquin-255,3,true,3,2020-2021,47,3,3,100001,255,12.82,,5.5,1.5,,FAF,27/03/2021 02:10,C03,Banco\Var,,,,,0,0,0,0,0,0,0,0,0,0,0,0,0,0,0,0,0,0,0,0,83.42121685,0,76.79095164,0,83,0,0,0,0,,
229,Jarquin,Jarquin-260,3,true,3,2020-2021,37,6,3,100001,260,10.81,,8.4,1.5,,FAF,26/03/2021 19:03,C03,SP70-1284,,,,,0,0,0,0,0,0,0,0,0,0,0,0,0,0,0,0,0,0,0,0,112.986124,0,127.2294172,0,96,0,73,0,0,,
230,Jarquin,Jarquin-280,3,true,3,2020-2021,42,6,3,100001,280,10.42,,8.4,1.5,,FAF,31/03/2021 22:02,C09,Banco\Var,,,,,0,0,0,0,0,0,0,0,0,0,0,0,0,0,0,0,0,0,0,0,108.3838772,0,105.0230326,0,108,0,91,0,0,,
231,Jarquin,Jarquin-281,3,true,3,2020-2021,56,3,3,100001,281,0.73,,5.5,1.5,,FAF,07/04/2021 04:52,C07,Mex79-431,,,,,0,0,0,0,0,0,0,0,0,0,0,0,0,0,0,0,0,0,0,0,121.2739726,0,91.38356164,0,0,0,100,0,0,,
232,Jarquin,Jarquin-285,3,true,3,2020-2021,43,6,3,100001,285,4.3,,5.5,1.5,,FAF,01/04/2021 07:40,C05,CP89-2376,,,,,0,0,0,0,0,0,0,0,0,0,0,0,0,0,0,0,0,0,0,0,99.44883721,0,111.5604651,0,119,0,82,0,0,,
233,Jarquin,Jarquin-290,3,true,3,2020-2021,41,6,3,100001,290,18.09,,8.4,1.5,,FAF,30/03/2021 20:21,C06,CP72-2086,,,,,0,0,0,0,0,0,0,0,0,0,0,0,0,0,0,0,0,0,0,0,93.46600332,0,110.5024876,0,117,0,98,0,0,,
234,Jarquin,Jarquin-300,3,true,3,2020-2021,49,3,3,100001,300,9.07,,6.4,1.5,,FAF,31/03/2021 02:19,C06,SP70-1284,,,,,0,0,0,0,0,0,0,0,0,0,0,0,0,0,0,0,0,0,0,0,83.92502756,0,74.8522602,0,95,0,70,0,0,,
235,Jarquin,Jarquin-310,3,true,3,2020-2021,50,3,3,100001,310,3.57,,6.7,1.5,,FAF,31/03/2021 19:29,C03,SP70-1284,,,,,0,0,0,0,0,0,0,0,0,0,0,0,0,0,0,0,0,0,0,0,99.90196078,0,93.28011204,0,94,0,0,0,0,,
236,Jarquin,Jarquin-320,3,true,3,2020-2021,23,4,3,100001,320,1.2,,7.1,1.65,,FAF,22/02/2021 23:52,R,CC01-1940,,,,,0,0,0,0,0,0,0,0,0,0,0,0,0,0,0,0,0,0,0,0,0,0,96.29545455,0,0,0,38,0,0,,
1,Las Loras,Las Loras-10,1,true,1,2020-2021,12,1,1,100002,10,2.04,,0.3,1.5,,FAF,22/01/2021 17:02,CQ04,SP81-3250,,,,,0,0,0,0,0,0,0,0,0,0,0,0,0,0,0,0,0,0,0,0,0,0,54.03431373,0,94,0,111,0,0,,
2,Las Loras,Las Loras-40,1,true,1,2020-2021,44,1,1,100002,40,4.2,,0.3,1.5,,FAF,27/02/2021 08:06,C04,SP70-1284,,,,,0,0,0,0,0,0,0,0,0,0,0,0,0,0,0,0,0,0,0,0,109.6571429,0,95.09761905,0,0,0,103,0,0,,
3,Las Loras,Las Loras-50,1,true,1,2020-2021,30,4,1,100002,50,4.11,,1.2,1.5,,FAF,11/03/2021 09:55,RSB,B82-333,,,,,0,0,0,0,0,0,0,0,0,0,0,0,0,0,0,0,0,0,0,0,0,0,0,0,0,0,0,0,0,,
4,Las Loras,Las Loras-51,1,true,1,2020-2021,5,1,1,100002,51,3.58,,1.2,1.5,,FAF,14/01/2021 21:47,RSB,SP81-3250,,,,,0,0,0,0,0,0,0,0,0,0,0,0,0,0,0,0,0,0,0,0,0,0,0,0,0,0,0,0,0,,
5,Las Loras,Las Loras-52,1,true,1,2020-2021,3,1,1,100002,52,0.78,,1.2,1.5,,FAF,13/01/2021 12:43,C06,CP72-2086,,,,,0,0,0,0,0,0,0,0,0,0,0,0,0,0,0,0,0,0,0,0,72.23076923,0,49.19230769,0,44,0,90,0,0,,
6,Las Loras,Las Loras-70,1,true,1,2020-2021,4,1,1,100002,70,7.59,,1.2,1.5,,FAF,14/01/2021 02:26,C06,Sem-Basic,,,,,0,0,0,0,0,0,0,0,0,0,0,0,0,0,0,0,0,0,0,0,85.89459816,0,99.39130435,0,112,0,90,0,0,,
7,Las Loras,Las Loras-71,1,true,1,2020-2021,8,1,1,100002,71,2.74,,1.2,1.5,,FAF,17/01/2021 08:36,C06,Sem-Basic,,,,,0,0,0,0,0,0,0,0,0,0,0,0,0,0,0,0,0,0,0,0,83.05109489,0,101.6970803,0,94,0,85,0,0,,
8,Las Loras,Las Loras-72,1,true,1,2020-2021,80,1,1,100002,72,4.84,,1.2,1.5,,FAF,10/04/2021 04:36,C06,Sem-Basic,,,,,0,0,0,0,0,0,0,0,0,0,0,0,0,0,0,0,0,0,0,0,107.9793388,0,115.8285124,0,94,0,100,0,0,,
9,Las Loras,Las Loras-75,1,true,1,2020-2021,7,1,1,100002,75,8.9,,2.2,1.5,,FAF,16/01/2021 09:54,C05,SP81-3250,,,,,0,0,0,0,0,0,0,0,0,0,0,0,0,0,0,0,0,0,0,0,89.02803738,0,99.701973,0,120,0,90,0,0,,
10,Las Loras,Las Loras-76,1,true,1,2020-2021,6,1,1,100002,76,8.78,,2.2,1.65,,FAF,15/01/2021 10:02,R,SP81-3250,,,,,0,0,0,0,0,0,0,0,0,0,0,0,0,0,0,0,0,0,0,0,83.81890661,0,90.20387244,0,108,0,70,0,0,,
11,Las Loras,Las Loras-78,1,true,1,2020-2021,9,1,1,100002,78,10.53,,2.2,1.5,,FAF,18/01/2021 05:06,C06,SP70-1284,,,,,0,0,0,0,0,0,0,0,0,0,0,0,0,0,0,0,0,0,0,0,88.11396011,0,90.20387244,0,108,0,80,0,0,,
12,Las Loras,Las Loras-79,1,true,1,2020-2021,13,1,1,100002,79,4.55,,2.2,1.5,,FAF,23/01/2021 03:26,C05,SP81-3250,,,,,0,0,0,0,0,0,0,0,0,0,0,0,0,0,0,0,0,0,0,0,96,0,103.7384615,0,110,0,95,0,0,,
13,Las Loras,Las Loras-80,1,true,1,2020-2021,77,5,1,100002,80,3.86,,2.2,1.65,,FAF,13/04/2021 12:28,RSB,SP70-1284,,,,,0,0,0,0,0,0,0,0,0,0,0,0,0,0,0,0,0,0,0,0,0,0,0,0,0,0,0,0,0,,
14,Las Loras,Las Loras-90,1,true,1,2020-2021,36,4,1,100002,90,6.03,,2.2,1.5,,FAF,16/03/2021 15:24,GC,B82-333,,,,,0,0,0,0,0,0,0,0,0,0,0,0,0,0,0,0,0,0,0,0,0,0,0,0,0,0,0,0,0,,
15,Las Loras,Las Loras-100,1,true,1,2020-2021,37,4,1,100002,100,3.06,,0.8,1.5,,FAF,17/03/2021 11:37,CQ02,B82-333,,,,,0,0,0,0,0,0,0,0,0,0,0,0,0,0,0,0,0,0,0,0,0,0,0,0,3.06,0,80,0,0,,
117,Guarumal Beitia,Guarumal Beitia-10,2,true,2,2020-2021,38,4,2,100004,10,34.1,,15.7,1.5,,FAF,18/03/2021 07:50,C06,SP70-1284,,,,,0,0,0,0,0,0,0,0,0,0,0,0,0,0,0,0,0,0,0,0,114.8173021,0,121.5583578,0,131,0,126,0,0,,
436,Sanidad Vegetal,Sanidad Vegetal-10,6,true,6,2020-2021,35,4,6,100013,10,7.43,,2.2,1.5,,FAF,14/03/2021 09:56,C13,Banco\Var,,,,,0,0,0,0,0,0,0,0,0,0,0,0,0,0,0,0,0,0,0,0,88,0,71.41899441,0,94,0,76,0,0,,
437,Sanidad Vegetal,Sanidad Vegetal-20,6,true,6,2020-2021,20,5,6,100013,20,2.81,,0.2,1.5,,FAF,02/02/2021 09:35,C02,Ensayos,,,,,0,0,0,0,0,0,0,0,0,0,0,0,0,0,0,0,0,0,0,0,70,0,30.19217082,0,109,0,58,0,0,,
438,Sanidad Vegetal,Sanidad Vegetal-21,6,true,6,2020-2021,21,5,6,100013,21,2.81,,0.2,1.5,,FAF,02/02/2021 12:56,C02,Ensayos,,,,,0,0,0,0,0,0,0,0,0,0,0,0,0,0,0,0,0,0,0,0,70,0,36.14946619,0,0,0,58,0,0,,
439,Sanidad Vegetal,Sanidad Vegetal-30,6,true,6,2020-2021,64,5,6,100013,30,1,,2.3,1.5,,FAF,31/03/2021 20:20,CQ01,Ensayos,,,,,0,0,0,0,0,0,0,0,0,0,0,0,0,0,0,0,0,0,0,0,0,0,0,0,0,0,0,0,0,,
118,Las Martinas,Las Martinas-10,2,true,2,2020-2021,65,5,2,100076,10,11.34,,12.3,1.5,,FAR,01/04/2021 09:31,C06,CP72-2086,,,,,0,0,0,0,0,0,0,0,0,0,0,0,0,0,0,0,0,0,0,0,86.97001764,0,70.87037037,0,97,0,85,0,0,,
119,Las Martinas,Las Martinas-17,2,true,2,2020-2021,19,5,2,100076,17,1.67,,12.3,1.5,,FAR,01/02/2021 09:35,C02,CP72-2086,,,,,0,0,0,0,0,0,0,0,0,0,0,0,0,0,0,0,0,0,0,0,85.1497006,0,49.08383234,0,0,0,72,0,0,,
120,Las Martinas,Las Martinas-18,2,true,2,2020-2021,18,5,2,100076,18,14.1,,12.3,1.5,,FAR,31/01/2021 22:05,C03,SP81-3250,,,,,0,0,0,0,0,0,0,0,0,0,0,0,0,0,0,0,0,0,0,0,76.36453901,0,73.44113475,0,69,0,64,0,0,,
121,Las Martinas,Las Martinas-19,2,true,2,2020-2021,63,5,2,100076,19,7.01,,12.3,1.5,,FAR,30/03/2021 17:49,C03,SP70-1284,,,,,0,0,0,0,0,0,0,0,0,0,0,0,0,0,0,0,0,0,0,0,0,0,88.35092725,0,77,0,0,0,0,,
122,Las Martinas,Las Martinas-20,2,true,2,2020-2021,17,5,2,100076,20,6.12,,12.3,1.5,,FAR,31/01/2021 12:57,C06,SP70-1284,,,,,0,0,0,0,0,0,0,0,0,0,0,0,0,0,0,0,0,0,0,0,80.24836601,0,69.65686275,0,77,0,81,0,0,,
123,Las Martinas,Las Martinas-30,2,true,2,2020-2021,15,5,2,100076,30,4.57,,12.3,1.5,,FAR,29/01/2021 16:18,C06,SP81-3250,,,,,0,0,0,0,0,0,0,0,0,0,0,0,0,0,0,0,0,0,0,0,83.78774617,0,87.52954048,0,96,0,114,0,0,,
124,Las Martinas,Las Martinas-32,2,true,2,2020-2021,16,5,2,100076,32,12.1,,12.3,1.5,,FAR,30/01/2021 09:17,C01,SP70-1284,,,,,0,0,0,0,0,0,0,0,0,0,0,0,0,0,0,0,0,0,0,0,62.82561983,0,0,0,0,0,0,0,0,,
125,Las Martinas,Las Martinas-40,2,true,2,2020-2021,62,5,2,100076,40,14.71,,12.3,1.5,,FAR,29/03/2021 16:13,C06,CP72-2086,,,,,0,0,0,0,0,0,0,0,0,0,0,0,0,0,0,0,0,0,0,0,77.6478586,0,0,0,0,0,0,0,0,,
126,Las Martinas,Las Martinas-50,2,true,2,2020-2021,61,5,2,100076,50,5.35,,12.3,1.5,,FAR,27/03/2021 18:09,C01,CP72-2086,,,,,0,0,0,0,0,0,0,0,0,0,0,0,0,0,0,0,0,0,0,0,74.30280374,0,44.17570093,0,82,0,100,0,0,,
127,Las Martinas,Las Martinas-60,2,true,2,2020-2021,60,5,2,100076,60,8.49,,12.3,1.5,,FAR,27/03/2021 16:39,C06,CP72-2086,,,,,0,0,0,0,0,0,0,0,0,0,0,0,0,0,0,0,0,0,0,0,88.37338045,0,65.27797409,0,85,0,105,0,0,,
128,Las Martinas,Las Martinas-70,2,true,2,2020-2021,57,5,2,100076,70,20.62,,14,1.5,,FAR,27/03/2021 09:37,C06,SP70-1284,,,,,0,0,0,0,0,0,0,0,0,0,0,0,0,0,0,0,0,0,0,0,87.01842871,0,81.67749758,0,105,0,106,0,0,,
129,Las Martinas,Las Martinas-80,2,true,2,2020-2021,58,5,2,100076,80,0.71,,14,1.5,,FAR,27/03/2021 12:17,C06,SP70-1284,,,,,0,0,0,0,0,0,0,0,0,0,0,0,0,0,0,0,0,0,0,0,128.3943662,0,26.43661972,0,105,0,106,0,0,,
130,Las Martinas,Las Martinas-90,2,true,2,2020-2021,22,5,2,100076,90,0.63,,14,1.5,,FAR,03/02/2021 15:50,C06,SP70-1284,,,,,0,0,0,0,0,0,0,0,0,0,0,0,0,0,0,0,0,0,0,0,199.5396825,0,59.22222222,0,64,0,106,0,0,,
131,Las Martinas,Las Martinas-100,2,true,2,2020-2021,59,5,2,100076,100,14.05,,14,1.5,,FAR,27/03/2021 15:19,C06,SP70-1284,,,,,0,0,0,0,0,0,0,0,0,0,0,0,0,0,0,0,0,0,0,0,96.03060498,0,89.20569395,0,107,0,112,0,0,,
132,Las Martinas,Las Martinas-110,2,true,2,2020-2021,25,5,2,100076,110,1.26,,14,1.5,,FAR,06/02/2021 16:02,C06,SP70-1284,,,,,0,0,0,0,0,0,0,0,0,0,0,0,0,0,0,0,0,0,0,0,87.15873016,0,63.28571429,0,109,0,136,0,0,,
133,Las Martinas,Las Martinas-120,2,true,2,2020-2021,23,5,2,100076,120,11.49,,14,1.65,,FAR,04/02/2021 15:20,RS,SP70-1284,,,,,0,0,0,0,0,0,0,0,0,0,0,0,0,0,0,0,0,0,0,0,0,0,0,0,0,0,0,0,0,,
134,Las Martinas,Las Martinas-130,2,true,2,2020-2021,24,5,2,100076,130,10.8,,14,1.65,,FAR,06/02/2021 00:54,RS,SP81-3250,,,,,0,0,0,0,0,0,0,0,0,0,0,0,0,0,0,0,0,0,0,0,0,0,0,0,0,0,0,0,0,,
135,Las Martinas,Las Martinas-140,2,true,2,2020-2021,56,5,2,100076,140,12.05,,14,1.5,,FAR,26/03/2021 00:35,C06,CP72-2086,,,,,0,0,0,0,0,0,0,0,0,0,0,0,0,0,0,0,0,0,0,0,95.78755187,0,68.0033195,0,91,0,87,0,0,,
136,Las Martinas,Las Martinas-150,2,true,2,2020-2021,55,5,2,100076,150,1.29,,14,1.5,,FAR,23/03/2021 19:01,C06,SP70-1284,,,,,0,0,0,0,0,0,0,0,0,0,0,0,0,0,0,0,0,0,0,0,115,0,124.6744186,0,155,0,133,0,0,,
137,Las Martinas,Las Martinas-160,2,true,2,2020-2021,11,1,2,100076,160,8.04,,13.4,1.5,,FAR,22/01/2021 10:40,C06,CP72-2086,,,,,0,0,0,0,0,0,0,0,0,0,0,0,0,0,0,0,0,0,0,0,78.30845771,0,75.91044776,0,105,0,100,0,0,,
138,Las Martinas,Las Martinas-170,2,true,2,2020-2021,54,5,2,100076,170,12.49,,13.4,1.5,,FAR,20/03/2021 05:39,C06,CP72-2086,,,,,0,0,0,0,0,0,0,0,0,0,0,0,0,0,0,0,0,0,0,0,80.35468375,0,82.86228983,0,101,0,98,0,0,,
139,Las Martinas,Las Martinas-180,2,true,2,2020-2021,53,5,2,100076,180,15.03,,14,1.5,,FAR,19/03/2021 07:27,C06,SP70-1284,,,,,0,0,0,0,0,0,0,0,0,0,0,0,0,0,0,0,0,0,0,0,95.71922821,0,69.88090486,0,102,0,115,0,0,,
140,Las Martinas,Las Martinas-190,2,true,2,2020-2021,36,5,2,100076,190,19.81,,14,1.5,,FAR,15/02/2021 09:21,C03,SP70-1284,,,,,0,0,0,0,0,0,0,0,0,0,0,0,0,0,0,0,0,0,0,0,115.7218576,0,109.0550227,0,83,0,0,0,0,,
141,Las Martinas,Las Martinas-200,2,true,2,2020-2021,35,5,2,100076,200,31.57,,14,1.5,,FAR,14/02/2021 03:35,C03,SP70-1284,,,,,0,0,0,0,0,0,0,0,0,0,0,0,0,0,0,0,0,0,0,0,122.8089959,0,99.46246436,0,75,0,0,0,0,,
16,Altos de San Pedro,Altos de San Pedro-10,1,true,1,2020-2021,34,5,1,100790,10,29.37,,3.1,1.5,,FAF,13/02/2021 10:28,C01,B82-333,,,,,0,0,0,0,0,0,0,0,0,0,0,0,0,0,0,0,0,0,0,0,80.00609756,0,0,0,0,0,0,0,0,,
237,Efraín Hernández,Efraín Hernández-10,3,true,3,2020-2021,51,5,3,100889,10,6.75,,6.7,1.5,,FAF,17/03/2021 16:58,C06,SP70-1284,,,,,0,0,0,0,0,0,0,0,0,0,0,0,0,0,0,0,0,0,0,0,81.46,0,68.92888889,0,0,0,73,0,0,,
142,Las Moras,Las Moras-10,2,true,2,2020-2021,29,5,2,110008,10,11.8,,9.2,1.5,,ARF,09/02/2021 21:16,C04,SP70-1284,,,,,0,0,0,0,0,0,0,0,0,0,0,0,0,0,0,0,0,0,0,0,79,0,69.81247469,0,98,0,76,0,0,,
143,Las Moras,Las Moras-11,2,true,2,2020-2021,52,5,2,110008,11,12.1,,9.2,1.65,,AR,18/03/2021 14:23,R,CC01-1940,,,,,0,0,0,0,0,0,0,0,0,0,0,0,0,0,0,0,0,0,0,0,0,0,0,0,0,0,0,0,0,,
144,Las Moras,Las Moras-12,2,true,2,2020-2021,32,5,2,110008,12,0.79,,9.9,1.5,,AR,12/02/2021 08:33,RS,CC01-1940,,,,,0,0,0,0,0,0,0,0,0,0,0,0,0,0,0,0,0,0,0,0,0,0,0,0,0,0,0,0,0,,
145,Las Moras,Las Moras-16,2,true,2,2020-2021,31,5,2,110008,16,16.88,,10.2,1.5,,ARF,11/02/2021 00:57,C09,SP81-3250,,,,,0,0,0,0,0,0,0,0,0,0,0,0,0,0,0,0,0,0,0,0,72.09,0,67.3992891,0,93,0,70,0,0,,
146,Las Moras,Las Moras-17,2,true,2,2020-2021,33,5,2,110008,17,10.4,,10.2,1.5,,ARF,12/02/2021 17:02,C01,SP70-1284,,,,,0,0,0,0,0,0,0,0,0,0,0,0,0,0,0,0,0,0,0,0,71.09,0,58.69807692,0,89,0,66,0,0,,
147,Las Moras,Las Moras-18,2,true,2,2020-2021,30,5,2,110008,18,8.72,,10.2,1.5,,ARF,10/02/2021 08:35,C03,CP72-2086,,,,,0,0,0,0,0,0,0,0,0,0,0,0,0,0,0,0,0,0,0,0,88.41,0,85.09288991,0,59,0,63,0,0,,
148,Las Moras,Las Moras-20,2,true,2,2020-2021,49,1,2,110008,20,14,,9.8,1.65,,AR,07/03/2021 14:31,RS,CC01-1940,,,,,0,0,0,0,0,0,0,0,0,0,0,0,0,0,0,0,0,0,0,0,36,0,28.74630542,0,76,0,60,0,0,,
149,Las Moras,Las Moras-21,2,true,2,2020-2021,50,1,2,110008,21,6.3,,9.8,1.65,,AR,08/03/2021 15:12,RS,Crotalaria,,,,,0,0,0,0,0,0,0,0,0,0,0,0,0,0,0,0,0,0,0,0,0,0,0,0,0,0,0,0,0,,
150,Las Moras,Las Moras-25,2,true,2,2020-2021,51,1,2,110008,25,11.5,,9.8,1.5,,AR,09/03/2021 03:16,C04,CP72-2086,,,,,0,0,0,0,0,0,0,0,0,0,0,0,0,0,0,0,0,0,0,0,41.23,0,47.09826087,0,75,0,43,0,0,,
151,Las Moras,Las Moras-26,2,true,2,2020-2021,20,3,2,110008,26,5.27,,10.2,1.5,,AR,07/02/2021 15:43,C02,CP72-2086,,,,,0,0,0,0,0,0,0,0,0,0,0,0,0,0,0,0,0,0,0,0,61.19,0,12.79506641,0,0,0,0,0,0,,
152,Las Moras,Las Moras-30,2,true,2,2020-2021,67,1,2,110008,30,15.18,,9.9,1.5,,AR,27/03/2021 14:37,C05,CP72-2086,,,,,0,0,0,0,0,0,0,0,0,0,0,0,0,0,0,0,0,0,0,0,37.13,0,41.52700922,0,64,0,62,0,0,,
153,Las Moras,Las Moras-60,2,true,2,2020-2021,24,4,2,110008,60,19.2,,10.2,1.5,,AR,23/02/2021 07:58,C04,CP72-2086,,,,,0,0,0,0,0,0,0,0,0,0,0,0,0,0,0,0,0,0,0,0,73.8,0,69.46302083,0,98,0,49,0,0,,
154,Las Moras,Las Moras-65,2,true,2,2020-2021,22,1,2,110008,65,11.6,,10.2,1.5,,AR,03/02/2021 23:39,C06,CP72-2086,,,,,0,0,0,0,0,0,0,0,0,0,0,0,0,0,0,0,0,0,0,0,57.11,0,58.25258621,0,75,0,66,0,0,,
155,Las Moras,Las Moras-70,2,true,2,2020-2021,66,1,2,110008,70,4.81,,10.2,1.5,,ARF,26/03/2021 14:51,C06,CP72-2086,,,,,0,0,0,0,0,0,0,0,0,0,0,0,0,0,0,0,0,0,0,0,77.26,0,51.62162162,0,94,0,91,0,0,,
156,Las Moras,Las Moras-75,2,true,2,2020-2021,69,1,2,110008,75,8.03,,10.2,1.5,,AR,27/03/2021 22:58,C05,CP72-2086,,,,,0,0,0,0,0,0,0,0,0,0,0,0,0,0,0,0,0,0,0,0,60.03,0,50.43835616,0,86,0,78,0,0,,
238,Pinto Arauz,Pinto Arauz-10,3,true,3,2020-2021,64,1,3,110025,10,12.79,,6,1.5,,FAF,25/03/2021 17:20,C02,SP81-3250,,,,,0,0,0,0,0,0,0,0,0,0,0,0,0,0,0,0,0,0,0,0,94.26,0,147.9366693,0,0,0,0,0,0,,
239,Pinto Arauz,Pinto Arauz-20,3,true,3,2020-2021,68,1,3,110025,20,8.71,,6,1.5,,FAF,27/03/2021 15:02,C02,SP81-3250,,,,,0,0,0,0,0,0,0,0,0,0,0,0,0,0,0,0,0,0,0,0,92.29,0,157.6119403,0,0,0,0,0,0,,
240,Pinto Arauz,Pinto Arauz-30,3,true,3,2020-2021,65,1,3,110025,30,4.26,,6,1.5,,FAF,26/03/2021 05:44,C02,SP81-3250,,,,,0,0,0,0,0,0,0,0,0,0,0,0,0,0,0,0,0,0,0,0,91.68,0,157.6119403,0,0,0,0,0,0,,
306,Julissa Sanchez,Julissa Sanchez-10,5,true,5,2020-2021,21,1,5,110036,10,14.71,,14.3,1.5,,FAF,03/02/2021 16:31,C07,CP89-2376,,,,,0,0,0,0,0,0,0,0,0,0,0,0,0,0,0,0,0,0,0,0,75.32,0,84.90958532,0,132,0,122,0,0,,
17,Lechería,Lechería-10,1,true,1,2020-2021,63,1,1,110038,10,11.19,,2.8,1.5,,FAF,25/03/2021 01:23,C04,SP81-3250,,,,,0,0,0,0,0,0,0,0,0,0,0,0,0,0,0,0,0,0,0,0,75.46,0,105.1179625,0,0,0,95,0,0,,
18,Lechería,Lechería-20,1,true,1,2020-2021,4,5,1,110038,20,10.88,,2.8,1.65,,FAF,15/01/2021 19:26,RS,SP70-1284,,,,,0,0,0,0,0,0,0,0,0,0,0,0,0,0,0,0,0,0,0,0,0,0,0,0,0,0,0,0,0,,
19,Lechería,Lechería-25,1,true,1,2020-2021,19,2,1,110038,25,1,,2.8,1.5,,FAF,02/02/2021 22:29,C11,SP70-1284,,,,,0,0,0,0,0,0,0,0,0,0,0,0,0,0,0,0,0,0,0,0,101.99,0,74.71,0,113,0,65,0,0,,
20,Lechería,Lechería-30,1,true,1,2020-2021,16,1,1,110038,30,8.24,,2.8,1.65,,FAF,29/01/2021 06:42,RS,CC01-1940,,,,,0,0,0,0,0,0,0,0,0,0,0,0,0,0,0,0,0,0,0,0,0,0,0,0,0,0,0,0,0,,
21,Lechería,Lechería-40,1,true,1,2020-2021,9,2,1,110038,40,2.96,,2.8,1.5,,FAF,20/01/2021 23:23,C05,CP72-2086,,,,,0,0,0,0,0,0,0,0,0,0,0,0,0,0,0,0,0,0,0,0,83.58,0,91.12837838,0,107,0,89,0,0,,
22,Lechería,Lechería-50,1,true,1,2020-2021,11,2,1,110038,50,4.59,,2.8,1.65,,FAF,22/01/2021 05:52,R,SP81-3250,,,,,0,0,0,0,0,0,0,0,0,0,0,0,0,0,0,0,0,0,0,0,0,0,0,0,0,0,0,0,0,,
23,Lechería,Lechería-60,1,true,1,2020-2021,9,3,1,110038,60,3.3,,2.8,1.5,,FAF,21/01/2021 06:06,C04,SP81-3250,,,,,0,0,0,0,0,0,0,0,0,0,0,0,0,0,0,0,0,0,0,0,86.48,0,122.1363636,0,0,0,113,0,0,,
24,Lechería,Lechería-70,1,true,1,2020-2021,96,2,1,110038,70,7.04,,2.8,1.5,,FAF,13/04/2021 12:28,C15,SP70-1284,,,,,0,0,0,0,0,0,0,0,0,0,0,0,0,0,0,0,0,0,0,0,77.97,0,61.97869318,0,130,0,83,0,0,,
25,Lechería,Lechería-80,1,true,1,2020-2021,10,3,1,110038,80,0.19,,2.8,1.5,,FAF,22/01/2021 07:35,C05,SP81-3250,,,,,0,0,0,0,0,0,0,0,0,0,0,0,0,0,0,0,0,0,0,0,74.84,0,43.26315789,0,0,0,100,0,0,,
26,Lechería,Lechería-90,1,true,1,2020-2021,14,2,1,110038,90,5.15,,2.8,1.5,,FAF,24/01/2021 05:04,C05,SP70-1284,,,,,0,0,0,0,0,0,0,0,0,0,0,0,0,0,0,0,0,0,0,0,81.97,0,55.66213592,0,0,0,83,0,0,,
27,Lechería,Lechería-95,1,true,1,2020-2021,10,2,1,110038,95,3.16,,2.8,1.5,,FAF,21/01/2021 09:53,GCRS,SP81-3250,,,,,0,0,0,0,0,0,0,0,0,0,0,0,0,0,0,0,0,0,0,0,0,0,0,0,0,0,0,0,0,,
28,Lechería,Lechería-100,1,true,1,2020-2021,12,2,1,110038,100,5.41,,2.8,1.5,,FAF,22/01/2021 10:20,C01S,SP81-3250,,,,,0,0,0,0,0,0,0,0,0,0,0,0,0,0,0,0,0,0,0,0,0,0,0,0,0,0,0,0,0,,
241,Fernando Rios,Fernando Rios-10,3,true,3,2020-2021,13,2,3,110044,10,16,,12.3,1.5,,FAF,23/01/2021 02:46,C12,SP70-1284,,,,,0,0,0,0,0,0,0,0,0,0,0,0,0,0,0,0,0,0,0,0,80.04022989,0,0,0,9.04,0,80,0,0,,
307,Merrow,Merrow-10,5,true,5,2020-2021,11,3,5,110055,10,12,,13.4,1.5,,FAF,23/01/2021 07:05,C12,SP70-1284,,,,,0,0,0,0,0,0,0,0,0,0,0,0,0,0,0,0,0,0,0,0,80.61,0,82.04333333,0,107,0,100,0,0,,
242,Gloria Quintero,Gloria Quintero-10,3,true,3,2020-2021,32,3,3,110056,10,9.94,,4.5,1.5,,FAF,24/02/2021 22:54,C06,CP72-2086,,,,,0,0,0,0,0,0,0,0,0,0,0,0,0,0,0,0,0,0,0,0,61.62,0,90.50402414,0,99,0,86,0,0,,
308,Berlina,Berlina-10,5,true,5,2020-2021,33,3,5,110061,10,28.04,,13,1.5,,FAF,25/02/2021 18:44,C09,SP81-3250,,,,,0,0,0,0,0,0,0,0,0,0,0,0,0,0,0,0,0,0,0,0,87.15,0,114.7161198,0,0,0,98,0,0,,
309,Berlina,Berlina-20,5,true,5,2020-2021,15,2,5,110061,20,12.89,,14,1.5,,FAF,25/01/2021 07:16,C09,SP81-3250,,,,,0,0,0,0,0,0,0,0,0,0,0,0,0,0,0,0,0,0,0,0,90,0,91.42901474,0,0,0,74,0,0,,
310,Berlina,Berlina-21,5,true,5,2020-2021,34,3,5,110061,21,12,,14.5,1.5,,FAF,26/02/2021 15:15,C09,SP81-3250,,,,,0,0,0,0,0,0,0,0,0,0,0,0,0,0,0,0,0,0,0,0,90,0,91.42833333,0,0,0,85,0,0,,
311,Berlina,Berlina-30,5,true,5,2020-2021,4,3,5,110061,30,41.05,,14,1.65,,FAF,14/01/2021 23:43,R,SP81-3250,,,,,0,0,0,0,0,0,0,0,0,0,0,0,0,0,0,0,0,0,0,0,0,0,119.1147381,0,0,0,0,0,0,,
312,Berlina,Berlina-40,5,true,5,2020-2021,3,3,5,110061,40,5,,16.5,1.5,,FAF,14/01/2021 17:05,C02,SP70-1284,,,,,0,0,0,0,0,0,0,0,0,0,0,0,0,0,0,0,0,0,0,0,87.48,0,70.254,0,91,0,89,0,0,,
313,Berlina,Berlina-50,5,true,5,2020-2021,5,3,5,110061,50,16.97,,14,1.5,,FAF,15/01/2021 12:03,C01,SP70-1284,,,,,0,0,0,0,0,0,0,0,0,0,0,0,0,0,0,0,0,0,0,0,93.57,0,0,0,0,0,0,0,0,,
314,Berlina,Berlina-51,5,true,5,2020-2021,6,3,5,110061,51,7.15,,14,1.5,,FAF,15/01/2021 21:03,C02,CP89-2376,,,,,0,0,0,0,0,0,0,0,0,0,0,0,0,0,0,0,0,0,0,0,138.19,0,0,0,0,0,0,0,0,,
315,Berlina,Berlina-52,5,true,5,2020-2021,1,3,5,110061,52,3.42,,14,1.5,,FAF,11/01/2021 19:09,C02,B82-333,,,,,0,0,0,0,0,0,0,0,0,0,0,0,0,0,0,0,0,0,0,0,176.7483871,0,0,0,0,0,0,0,0,,
316,Berlina,Berlina-53,5,true,5,2020-2021,2,3,5,110061,53,9.15,,14,1.5,,FAF,13/01/2021 17:12,CQ01,SP70-1284,,,,,0,0,0,0,0,0,0,0,0,0,0,0,0,0,0,0,0,0,0,0,73.51724138,0,0,0,0,0,0,0,0,,
317,Berlina,Berlina-60,5,true,5,2020-2021,5,2,5,110061,60,4.37,,15.5,1.5,,FAF,15/01/2021 12:23,C02,SP70-1284,,,,,0,0,0,0,0,0,0,0,0,0,0,0,0,0,0,0,0,0,0,0,66.55,0,45.08466819,0,0,0,0,0,0,,
318,Berlina,Berlina-65,5,true,5,2020-2021,4,2,5,110061,65,8.35,,15,1.65,,FAF,14/01/2021 17:08,R,SP81-3250,,,,,0,0,0,0,0,0,0,0,0,0,0,0,0,0,0,0,0,0,0,0,0,0,0,0,0,0,0,0,0,,
319,Berlina,Berlina-70,5,true,5,2020-2021,6,2,5,110061,70,4.38,,13,1.65,,FAF,16/01/2021 04:47,R,SP81-3250,,,,,0,0,0,0,0,0,0,0,0,0,0,0,0,0,0,0,0,0,0,0,0,0,0,0,0,0,0,0,0,,
320,Berlina,Berlina-80,5,true,5,2020-2021,7,3,5,110061,80,14.59,,12.3,1.5,,FAF,17/01/2021 01:14,C02,CP72-2086,,,,,0,0,0,0,0,0,0,0,0,0,0,0,0,0,0,0,0,0,0,0,113.22,0,155.3879369,0,0,0,0,0,0,,
321,Berlina,Berlina-90,5,true,5,2020-2021,8,3,5,110061,90,4.53,,12.3,1.65,,FAF,18/01/2021 23:46,R,SP81-3250,,,,,0,0,0,0,0,0,0,0,0,0,0,0,0,0,0,0,0,0,0,0,0,0,0,0,0,0,0,0,0,,
322,Monte Grande,Monte Grande-10,5,true,5,2020-2021,1,2,5,110062,10,1.17,,14.3,1.5,,FAF,12/01/2021 08:52,C02,SP70-1284,,,,,0,0,0,0,0,0,0,0,0,0,0,0,0,0,0,0,0,0,0,0,381.44,0,101.1196581,0,0,0,0,0,0,,
323,Monte Grande,Monte Grande-20,5,true,5,2020-2021,2,2,5,110062,20,4.22,,14.3,1.5,,FAF,13/01/2021 16:26,C06,SP70-1284,,,,,0,0,0,0,0,0,0,0,0,0,0,0,0,0,0,0,0,0,0,0,111.25,0,110.5379147,0,83,0,120,0,0,,
324,Monte Grande,Monte Grande-30,5,true,5,2020-2021,3,2,5,110062,30,2.18,,14.3,1.5,,FAF,13/01/2021 23:46,C06,SP70-1284,,,,,0,0,0,0,0,0,0,0,0,0,0,0,0,0,0,0,0,0,0,0,127.76,0,84.8853211,0,129,0,135,0,0,,
325,Monte Grande,Monte Grande-40,5,true,5,2020-2021,3,5,5,110062,40,1.59,,14.3,1.5,,FAF,14/01/2021 02:03,C06,SP70-1284,,,,,0,0,0,0,0,0,0,0,0,0,0,0,0,0,0,0,0,0,0,0,105.19,0,110.2955975,0,102,0,121,0,0,,
326,Monte Grande,Monte Grande-50,5,true,5,2020-2021,18,2,5,110062,50,4.23,,14.3,1.5,,FAF,02/02/2021 07:48,C010,SP81-3250,,,,,0,0,0,0,0,0,0,0,0,0,0,0,0,0,0,0,0,0,0,0,74.29,0,96.30969267,0,90,0,97,0,0,,
327,Monte Grande,Monte Grande-60,5,true,5,2020-2021,16,2,5,110062,60,9.57,,14.3,1.5,,FAF,27/01/2021 05:28,C02,SP81-3250,,,,,0,0,0,0,0,0,0,0,0,0,0,0,0,0,0,0,0,0,0,0,80.12,0,106.6280042,0,0,0,0,0,0,,
328,Monte Grande,Monte Grande-70,5,true,5,2020-2021,17,2,5,110062,70,14.75,,14.3,1.5,,FAF,27/01/2021 22:32,C09,SP81-3250,,,,,0,0,0,0,0,0,0,0,0,0,0,0,0,0,0,0,0,0,0,0,74.34644068,0,78.90644068,0,84,0,82,0,0,,
329,Monte Grande,Monte Grande-80,5,true,5,2020-2021,26,3,5,110062,80,13.3,,14.3,1.5,,FAF,16/02/2021 11:47,C01,SP70-1284,,,,,0,0,0,0,0,0,0,0,0,0,0,0,0,0,0,0,0,0,0,0,0,0,0,0,0,0,0,0,0,,
330,Monte Grande,Monte Grande-90,5,true,5,2020-2021,65,2,5,110062,90,10.57,,14.3,1.5,,FAF,11/03/2021 18:39,C05,SP70-1284,,,,,0,0,0,0,0,0,0,0,0,0,0,0,0,0,0,0,0,0,0,0,92.8,0,86.9602649,0,78,0,75,0,0,,
331,Monte Grande,Monte Grande-100,5,true,5,2020-2021,66,2,5,110062,100,5.53,,14.3,1.5,,FAF,15/03/2021 16:37,C05,SP70-1284,,,,,0,0,0,0,0,0,0,0,0,0,0,0,0,0,0,0,0,0,0,0,85.47,0,59.1283906,0,88,0,78,0,0,,
332,Monte Grande,Monte Grande-110,5,true,5,2020-2021,64,2,5,110062,110,9.67,,14.3,1.5,,FAF,10/03/2021 21:23,C05,SP70-1284,,,,,0,0,0,0,0,0,0,0,0,0,0,0,0,0,0,0,0,0,0,0,72.0672182,0,74.68148914,0,84,0,90,0,0,,
333,Monte Grande,Monte Grande-120,5,true,5,2020-2021,63,2,5,110062,120,20.14,,14.3,1.5,,FAF,09/03/2021 18:32,C09,SP81-3250,,,,,0,0,0,0,0,0,0,0,0,0,0,0,0,0,0,0,0,0,0,0,119.3038729,0,98.15988083,0,95,0,102,0,0,,
334,Monte Grande,Monte Grande-130,5,true,5,2020-2021,62,2,5,110062,130,22.76,,14.3,1.5,,FAF,09/03/2021 05:06,C09,SP81-3250,,,,,0,0,0,0,0,0,0,0,0,0,0,0,0,0,0,0,0,0,0,0,91,0,98.1599297,0,86,0,88,0,0,,
335,Monte Grande,Monte Grande-140,5,true,5,2020-2021,61,2,5,110062,140,5.61,,14.3,1.5,,FAF,08/03/2021 16:49,C07,SP81-3250,,,,,0,0,0,0,0,0,0,0,0,0,0,0,0,0,0,0,0,0,0,0,78.49,0,89.9144385,0,93,0,98,0,0,,
336,Indios,Indios-10,5,true,5,2020-2021,60,2,5,110063,10,18.9,,13.3,1.5,,FAF,08/03/2021 08:05,CQ09,SP81-3250,,,,,0,0,0,0,0,0,0,0,0,0,0,0,0,0,0,0,0,0,0,0,0,0,72.79100529,0,121,0,105,0,0,,
337,Bagala,Bagala-10,5,true,5,2020-2021,59,2,5,110064,10,72,,12.7,1.5,,FAF,06/03/2021 21:39,C02,SP70-1284,,,,,0,0,0,0,0,0,0,0,0,0,0,0,0,0,0,0,0,0,0,0,96.42,0,72,0,0,0,0,0,0,,
338,Bagala,Bagala-20,5,true,5,2020-2021,58,2,5,110064,20,33.3,,12.7,1.5,,FAF,05/03/2021 13:50,C04,CP89-2376,,,,,0,0,0,0,0,0,0,0,0,0,0,0,0,0,0,0,0,0,0,0,83.3,0,107,0,131,0,0,0,0,,
339,Bagala,Bagala-25,5,true,5,2020-2021,27,3,5,110064,25,12.3,,12.7,1.5,,FAF,18/02/2021 23:28,C03,SP70-1284,,,,,0,0,0,0,0,0,0,0,0,0,0,0,0,0,0,0,0,0,0,0,86.04,0,92.35447154,0,0,0,0,0,0,,
340,Bagala,Bagala-30,5,true,5,2020-2021,57,2,5,110064,30,1.7,,16.3,1.5,,FAF,04/03/2021 11:58,C02,SP70-1284,,,,,0,0,0,0,0,0,0,0,0,0,0,0,0,0,0,0,0,0,0,0,56.44,0,103,0,0,0,0,0,0,,
341,MD Miró SA,MD Miró SA-10,5,true,5,2020-2021,47,5,5,110066,10,13.24,,14.7,1.65,,FAF,14/03/2021 12:09,RS,CC01-1940,,,,,0,0,0,0,0,0,0,0,0,0,0,0,0,0,0,0,0,0,0,0,0,0,0,0,0,0,0,0,0,,
342,MD Miró SA,MD Miró SA-15,5,true,5,2020-2021,44,5,5,110066,15,13.72,,15.2,1.5,,FAF,12/03/2021 01:23,C07,SP70-1284,,,,,0,0,0,0,0,0,0,0,0,0,0,0,0,0,0,0,0,0,0,0,110.82,0,142.4569971,0,0,0,110,0,0,,
343,MD Miró SA,MD Miró SA-20,5,true,5,2020-2021,48,5,5,110066,20,63.97,,14.7,1.5,,FAF,15/03/2021 04:17,C01,SP81-3250,,,,,0,0,0,0,0,0,0,0,0,0,0,0,0,0,0,0,0,0,0,0,52.39,0,96.0389245,0,0,0,85,0,0,,
344,MD Miró SA,MD Miró SA-30,5,true,5,2020-2021,46,5,5,110066,30,23.5,,15.2,1.65,,FAF,14/03/2021 04:02,R,B82-333,,,,,0,0,0,0,0,0,0,0,0,0,0,0,0,0,0,0,0,0,0,0,0,0,0,0,0,0,0,0,0,,
345,MD Miró SA,MD Miró SA-31,5,true,5,2020-2021,45,5,5,110066,31,8.23,,15.4,1.5,,FAF,12/03/2021 05:17,C01S,B82-333,,,,,0,0,0,0,0,0,0,0,0,0,0,0,0,0,0,0,0,0,0,0,0,0,0,0,0,0,0,0,0,,
346,MD Miró SA,MD Miró SA-40,5,true,5,2020-2021,41,5,5,110066,40,10.75,,15.2,1.5,,FAF,04/03/2021 05:40,C07,SP81-3250,,,,,0,0,0,0,0,0,0,0,0,0,0,0,0,0,0,0,0,0,0,0,72.63,0,88.8772093,0,0,0,75,0,0,,
347,MD Miró SA,MD Miró SA-50,5,true,5,2020-2021,42,5,5,110066,50,7.14,,15.4,1.5,,FAF,05/03/2021 07:47,C06,SP81-3250,,,,,0,0,0,0,0,0,0,0,0,0,0,0,0,0,0,0,0,0,0,0,72.33,0,99.28991597,0,0,0,87,0,0,,
348,MD Miró SA,MD Miró SA-60,5,true,5,2020-2021,43,5,5,110066,60,22.2,,15.4,1.5,,FAF,06/03/2021 14:13,C06,SP81-3250,,,,,0,0,0,0,0,0,0,0,0,0,0,0,0,0,0,0,0,0,0,0,93.77,0,104.6045045,0,0,0,104,0,0,,
349,MD Miró SA,MD Miró SA-70,5,true,5,2020-2021,37,5,5,110066,70,20.52,,15.4,1.5,,FAF,16/02/2021 00:50,C06,SP81-3250,,,,,0,0,0,0,0,0,0,0,0,0,0,0,0,0,0,0,0,0,0,0,93.55,0,104.4717349,0,0,0,102,0,0,,
350,MD Miró SA,MD Miró SA-80,5,true,5,2020-2021,38,5,5,110066,80,19.81,,16.1,1.5,,FAF,21/02/2021 03:50,C01,B82-333,,,,,0,0,0,0,0,0,0,0,0,0,0,0,0,0,0,0,0,0,0,0,0,0,0,0,0,0,0,0,0,,
351,MD Miró SA,MD Miró SA-90,5,true,5,2020-2021,39,5,5,110066,90,13.18,,16.1,1.5,,FAF,27/02/2021 06:28,C07,SP81-3250,,,,,0,0,0,0,0,0,0,0,0,0,0,0,0,0,0,0,0,0,0,0,73.89,0,61.98558422,0,91,0,83,0,0,,
352,MD Miró SA,MD Miró SA-100,5,true,5,2020-2021,40,5,5,110066,100,16.27,,16.1,1.5,,FAF,02/03/2021 01:43,C07,SP81-3250,,,,,0,0,0,0,0,0,0,0,0,0,0,0,0,0,0,0,0,0,0,0,65.3614239,0,66.94529809,0,105,0,108,0,0,,
157,Fundacion Arauz,Fundacion Arauz-20,2,true,2,2020-2021,76,5,2,110069,20,5.76,,23.7,1.5,,AR,09/04/2021 12:15,C01,SP81-3250,,,,,0,0,0,0,0,0,0,0,0,0,0,0,0,0,0,0,0,0,0,0,35.3,0,34.41319444,0,49,0,35,0,0,,
158,Fundacion Arauz,Fundacion Arauz-30,2,true,2,2020-2021,75,5,2,110069,30,65.63,,23.7,1.5,,ARF,09/04/2021 07:31,C02,CP72-2086,,,,,0,0,0,0,0,0,0,0,0,0,0,0,0,0,0,0,0,0,0,0,79.9,0,50,0,0,0,0,0,0,,
159,Fundacion Arauz,Fundacion Arauz-32,2,true,2,2020-2021,74,5,2,110069,32,7.62,,23.7,1.5,,ARF,07/04/2021 18:44,C02,SP81-3250,,,,,0,0,0,0,0,0,0,0,0,0,0,0,0,0,0,0,0,0,0,0,89.74,0,0,0,0,0,0,0,0,,
160,Fundacion Arauz,Fundacion Arauz-40,2,true,2,2020-2021,73,5,2,110069,40,28.4,,23.7,1.5,,ARF,06/04/2021 04:12,C08,SP81-3250,,,,,0,0,0,0,0,0,0,0,0,0,0,0,0,0,0,0,0,0,0,0,58.34,0,57.16232394,0,73,0,81,0,0,,
161,Fundacion Arauz,Fundacion Arauz-50,2,true,2,2020-2021,72,5,2,110069,50,2.77,,23.7,1.5,,AR,05/04/2021 22:53,C02,CP72-2086,,,,,0,0,0,0,0,0,0,0,0,0,0,0,0,0,0,0,0,0,0,0,39.65,0,0,0,0,0,0,0,0,,
162,Fundacion Arauz,Fundacion Arauz-60,2,true,2,2020-2021,51,3,2,110069,60,24.55,,23.7,1.5,,ARF,01/04/2021 21:31,C08,SP81-3250,,,,,0,0,0,0,0,0,0,0,0,0,0,0,0,0,0,0,0,0,0,0,89.2,0,0,0,0,0,0,0,0,,
163,Fundacion Arauz,Fundacion Arauz-65,2,true,2,2020-2021,52,3,2,110069,65,15.87,,23.7,1.5,,AR,04/04/2021 04:27,C01,CP72-2086,,,,,0,0,0,0,0,0,0,0,0,0,0,0,0,0,0,0,0,0,0,0,39.66,0,0,0,0,0,0,0,0,,
164,Fundacion Arauz,Fundacion Arauz-70,2,true,2,2020-2021,53,3,2,110069,70,15.22,,23.7,1.5,,ARF,05/04/2021 14:59,C02,CP72-2086,,,,,0,0,0,0,0,0,0,0,0,0,0,0,0,0,0,0,0,0,0,0,81.64,0,38.02365309,0,77,0,88,0,0,,
165,Fundacion Arauz,Fundacion Arauz-100,2,true,2,2020-2021,49,5,2,110069,100,9.41,,21.2,1.5,,AR,16/03/2021 07:38,C01,CP72-2086,,,,,0,0,0,0,0,0,0,0,0,0,0,0,0,0,0,0,0,0,0,0,102.44,0,0,0,0,0,0,0,0,,
166,Fundacion Arauz,Fundacion Arauz-110,2,true,2,2020-2021,50,5,2,110069,110,61.54,,21.2,1.5,,ARF,17/03/2021 03:27,C02,CP72-2086,,,,,0,0,0,0,0,0,0,0,0,0,0,0,0,0,0,0,0,0,0,0,91.29,0,40,0,0,0,0,0,0,,
167,Fundacion Arauz,Fundacion Arauz-120,2,true,2,2020-2021,13,5,2,110069,120,59.4,,24,1.5,,ARF,28/01/2021 18:13,C02,SP70-1284,,,,,0,0,0,0,0,0,0,0,0,0,0,0,0,0,0,0,0,0,0,0,104.58,0,75,0,0,0,0,0,0,,
168,Fundacion Arauz,Fundacion Arauz-130,2,true,2,2020-2021,14,5,2,110069,130,28.6,,24,1.5,,FAF,29/01/2021 06:15,C02,CP72-2086,,,,,0,0,0,0,0,0,0,0,0,0,0,0,0,0,0,0,0,0,0,0,92.51,0,68,0,0,0,0,0,0,,
169,Antonio Beitia,Antonio Beitia-15,2,true,2,2020-2021,28,5,2,110073,15,2.52,,15.7,1.5,,ARF,09/02/2021 13:50,C05,SP70-1284,,,,,0,0,0,0,0,0,0,0,0,0,0,0,0,0,0,0,0,0,0,0,80.26,0,55.13888889,0,91,0,76,0,0,,
170,Antonio Beitia,Antonio Beitia-20,2,true,2,2020-2021,8,5,2,110073,20,15.64,,16.3,1.5,,ARF,23/01/2021 01:22,C06,SP81-3250,,,,,0,0,0,0,0,0,0,0,0,0,0,0,0,0,0,0,0,0,0,0,102.47,0,80.77621483,0,83,0,99,0,0,,
171,Antonio Beitia,Antonio Beitia-30,2,true,2,2020-2021,6,5,2,110073,30,19.28,,16.3,1.5,,ARF,19/01/2021 15:38,C06,SP81-3250,,,,,0,0,0,0,0,0,0,0,0,0,0,0,0,0,0,0,0,0,0,0,78.22,0,77.29304979,0,81,0,102,0,0,,
172,Antonio Beitia,Antonio Beitia-40,2,true,2,2020-2021,7,5,2,110073,40,3.77,,16.3,1.5,,AR,19/01/2021 23:23,C06,SP81-3250,,,,,0,0,0,0,0,0,0,0,0,0,0,0,0,0,0,0,0,0,0,0,66.2,0,83.21485411,0,68,0,89,0,0,,
173,Antonio Beitia,Antonio Beitia-45,2,true,2,2020-2021,62,3,2,110073,45,2.16,,16.3,1.5,,AR,13/04/2021 12:28,C06,SP70-1284,,,,,0,0,0,0,0,0,0,0,0,0,0,0,0,0,0,0,0,0,0,0,60.15,0,67.20833333,0,68,0,89,0,0,,
174,Antonio Beitia,Antonio Beitia-50,2,true,2,2020-2021,2,5,2,110073,50,6.13,,18.4,1.5,,AR,12/01/2021 01:10,C06,CP72-2086,,,,,0,0,0,0,0,0,0,0,0,0,0,0,0,0,0,0,0,0,0,0,73.81,0,72.85644372,0,78,0,78,0,0,,
175,Antonio Beitia,Antonio Beitia-60,2,true,2,2020-2021,1,5,2,110073,60,12.13,,17.6,1.5,,ARF,11/01/2021 15:28,C06,SP81-3250,,,,,0,0,0,0,0,0,0,0,0,0,0,0,0,0,0,0,0,0,0,0,77.98,0,83.0370981,0,99,0,93,0,0,,
176,Ester Sanchez,Ester Sanchez-10,2,true,2,2020-2021,10,5,2,110075,10,12.2,,11.8,1.5,,AR,25/01/2021 03:49,C01,SP81-3250,,,,,0,0,0,0,0,0,0,0,0,0,0,0,0,0,0,0,0,0,0,0,26.03,0,38.00983607,0,52,0,65,0,0,,
177,Ester Sanchez,Ester Sanchez-20,2,true,2,2020-2021,9,5,2,110075,20,14.54,,11.8,1.5,,ARF,24/01/2021 07:16,C06,CP72-2086,,,,,0,0,0,0,0,0,0,0,0,0,0,0,0,0,0,0,0,0,0,0,75.9,0,75.23933975,0,113,0,117,0,0,,
178,Ester Sanchez,Ester Sanchez-30,2,true,2,2020-2021,11,5,2,110075,30,10.54,,11.8,1.5,,ARF,26/01/2021 08:12,C06,CP08-2218,,,,,0,0,0,0,0,0,0,0,0,0,0,0,0,0,0,0,0,0,0,0,76.93,0,82.32447818,0,100,0,105,0,0,,
179,Oscar De Leon,Oscar De Leon-10,2,true,2,2020-2021,12,5,2,110077,10,16.59,,14.6,1.5,,ARF,27/01/2021 11:00,C06,SP81-3250,,,,,0,0,0,0,0,0,0,0,0,0,0,0,0,0,0,0,0,0,0,0,75.75,0,57.82941531,0,77,0,87,0,0,,
180,Oscar De Leon,Oscar De Leon-20,2,true,2,2020-2021,6,4,2,110077,20,6.02,,14.6,1.5,,ARF,17/01/2021 02:21,C06,SP81-3250,,,,,0,0,0,0,0,0,0,0,0,0,0,0,0,0,0,0,0,0,0,0,88.36,0,100.0996678,0,80,0,100,0,0,,
181,Francisco Aizpurua,Francisco Aizpurua-10,2,true,2,2020-2021,9,4,2,110078,10,15,,12.3,1.5,,AR,25/01/2021 05:02,C06,CP72-2086,,,,,0,0,0,0,0,0,0,0,0,0,0,0,0,0,0,0,0,0,0,0,80.7,0,64.676,0,93,0,90,0,0,,
182,Manuel Rojas,Manuel Rojas-10,2,true,2,2020-2021,10,4,2,110079,10,33.12,,16.7,1.5,,FAF,01/02/2021 15:09,C05,SP81-3250,,,,,0,0,0,0,0,0,0,0,0,0,0,0,0,0,0,0,0,0,0,0,91.98580918,0,92.35628019,0,103,0,129,0,0,,
243,Ulises Montoto,Ulises Montoto-10,3,true,3,2020-2021,41,3,3,110080,10,8.89,,14.5,1.5,,FAF,19/03/2021 05:33,C04,CP89-2376,,,,,0,0,0,0,0,0,0,0,0,0,0,0,0,0,0,0,0,0,0,0,75.38,0,103.2767154,0,107,0,117,0,0,,
244,Ulises Montoto,Ulises Montoto-20,3,true,3,2020-2021,11,4,3,110080,20,4.12,,14.5,1.5,,FAF,03/02/2021 10:52,C03,CP89-2376,,,,,0,0,0,0,0,0,0,0,0,0,0,0,0,0,0,0,0,0,0,0,75.38,0,53.87135922,0,76,0,0,0,0,,
245,Cira Arauz,Cira Arauz-10,3,true,3,2020-2021,7,4,3,110081,10,6.82,,10,1.65,,FAF,18/01/2021 23:15,R,SP81-3250,,,,,0,0,0,0,0,0,0,0,0,0,0,0,0,0,0,0,0,0,0,0,0,0,0,0,0,0,0,0,0,,
246,Cira Arauz,Cira Arauz-20,3,true,3,2020-2021,8,4,3,110081,20,4.13,,13,1.5,,FAF,22/01/2021 06:40,C02,SP81-3250,,,,,0,0,0,0,0,0,0,0,0,0,0,0,0,0,0,0,0,0,0,0,93.86440678,0,147,0,0,0,0,0,0,,
247,Cira Arauz,Cira Arauz-30,3,true,3,2020-2021,39,4,3,110081,30,4.7,,12.7,1.5,,FAF,20/03/2021 00:23,GC,B82-333,,,,,0,0,0,0,0,0,0,0,0,0,0,0,0,0,0,0,0,0,0,0,0,0,0,0,0,0,0,0,0,,
183,Barqueta,Barqueta-10,2,true,2,2020-2021,43,4,2,110082,10,9.2,,16.6,1.5,,ARF,04/04/2021 14:01,C04,CP89-2376,,,,,0,0,0,0,0,0,0,0,0,0,0,0,0,0,0,0,0,0,0,0,93.91,0,75.02826087,0,86,0,35,0,0,,
184,Barqueta,Barqueta-20,2,true,2,2020-2021,42,4,2,110082,20,15.9,,16.6,1.5,,ARF,29/03/2021 03:36,C04,CP89-2376,,,,,0,0,0,0,0,0,0,0,0,0,0,0,0,0,0,0,0,0,0,0,85.16603774,0,87.58113208,0,74,0,51,0,0,,
185,Barqueta,Barqueta-30,2,true,2,2020-2021,41,4,2,110082,30,14.2,,16.6,1.5,,ARF,28/03/2021 04:33,C04,CP89-2376,,,,,0,0,0,0,0,0,0,0,0,0,0,0,0,0,0,0,0,0,0,0,81.27,0,96.24295775,0,95,0,51,0,0,,
186,Barqueta,Barqueta-40,2,true,2,2020-2021,44,4,2,110082,40,12,,16.6,1.5,,ARF,11/04/2021 10:08,C04,CP89-2376,,,,,0,0,0,0,0,0,0,0,0,0,0,0,0,0,0,0,0,0,0,0,95.28,0,94.56083333,0,96,0,57,0,0,,
29,La Cueva,La Cueva-10,1,true,1,2020-2021,40,4,1,110411,10,2.89,,7.8,1.5,,FAF,26/03/2021 01:42,C05,CP08-2026,,,,,0,0,0,0,0,0,0,0,0,0,0,0,0,0,0,0,0,0,0,0,79.9,0,71.75778547,0,0,0,75,0,0,,
30,La Cueva,La Cueva-20,1,true,1,2020-2021,12,4,1,110411,20,9.78,,7.8,1.5,,FAF,05/02/2021 01:55,C05,CP89-2376,,,,,0,0,0,0,0,0,0,0,0,0,0,0,0,0,0,0,0,0,0,0,82.69836401,0,77.44580777,0,94,0,67,0,0,,
31,La Cueva,La Cueva-30,1,true,1,2020-2021,45,4,1,110411,30,23.3,,6.6,1.5,,FAF,12/04/2021 05:50,C03,CP89-2376,,,,,0,0,0,0,0,0,0,0,0,0,0,0,0,0,0,0,0,0,0,0,86.5,0,77.33862661,0,135,0,0,0,0,,
32,La Cueva,La Cueva-40,1,true,1,2020-2021,46,4,1,110411,40,16.53,,6.6,1.5,,FAF,12/04/2021 18:29,CQ01,PCG12-745,,,,,0,0,0,0,0,0,0,0,0,0,0,0,0,0,0,0,0,0,0,0,74.2962963,0,74.81790684,0,0,0,0,0,0,,
33,La Cueva,La Cueva-51,1,true,1,2020-2021,20,1,1,110411,51,5.72,,6.6,1.5,,FAF,03/02/2021 05:46,C03,SP81-3250,,,,,0,0,0,0,0,0,0,0,0,0,0,0,0,0,0,0,0,0,0,0,87.68,0,79.47552448,0,56,0,0,0,0,,
34,La Cueva,La Cueva-52,1,true,1,2020-2021,70,1,1,110411,52,6.24,,7.8,1.5,,FAF,30/03/2021 09:17,C07,CP08-1030,,,,,0,0,0,0,0,0,0,0,0,0,0,0,0,0,0,0,0,0,0,0,81.43,0,63.44230769,0,81,0,79,0,0,,
35,La Cueva,La Cueva-53,1,true,1,2020-2021,18,1,1,110411,53,8.83,,6.6,1.5,,FAF,31/01/2021 03:39,C01,CP89-2376,,,,,0,0,0,0,0,0,0,0,0,0,0,0,0,0,0,0,0,0,0,0,116.66,0,0,0,0,0,0,0,0,,
36,La Cueva,La Cueva-54,1,true,1,2020-2021,17,1,1,110411,54,5.01,,6.6,1.5,,FAF,30/01/2021 02:39,C03,SP81-3250,,,,,0,0,0,0,0,0,0,0,0,0,0,0,0,0,0,0,0,0,0,0,82.43,0,82.6506986,0,77,0,0,0,0,,
37,La Cueva,La Cueva-55,1,true,1,2020-2021,13,4,1,110411,55,17.17,,6.6,1.5,,FAF,06/02/2021 13:21,C02,SP70-1284,,,,,0,0,0,0,0,0,0,0,0,0,0,0,0,0,0,0,0,0,0,0,79.96605744,0,0,0,0,0,0,0,0,,
38,La Cueva,La Cueva-56,1,true,1,2020-2021,72,1,1,110411,56,3.66,,6.6,1.5,,FAF,02/04/2021 02:20,C07,SP70-1284,,,,,0,0,0,0,0,0,0,0,0,0,0,0,0,0,0,0,0,0,0,0,68.5,0,84.12295082,0,69,0,85,0,0,,
39,La Cueva,La Cueva-57,1,true,1,2020-2021,23,1,1,110411,57,5.14,,6.6,1.5,,FAF,05/02/2021 01:56,C0Q1,SP81-3250,,,,,0,0,0,0,0,0,0,0,0,0,0,0,0,0,0,0,0,0,0,0,0,0,0,0,0,0,0,0,0,,
40,La Cueva,La Cueva-60,1,true,1,2020-2021,76,1,1,110411,60,16.59,,7.8,1.5,,FAF,07/04/2021 19:54,C06,SP70-1284,,,,,0,0,0,0,0,0,0,0,0,0,0,0,0,0,0,0,0,0,0,0,89.97745572,0,88.06690778,0,65,0,95,0,0,,
41,La Cueva,La Cueva-70,1,true,1,2020-2021,75,1,1,110411,70,14.69,,6.6,1.5,,FAF,06/04/2021 06:09,CQ06,SP70-1284,,,,,0,0,0,0,0,0,0,0,0,0,0,0,0,0,0,0,0,0,0,0,0,0,79.80326753,0,97,0,80,0,0,,
42,La Cueva,La Cueva-80,1,true,1,2020-2021,74,1,1,110411,80,5.79,,6.6,1.5,,FAF,04/04/2021 17:48,C04,CPCL02-6848,,,,,0,0,0,0,0,0,0,0,0,0,0,0,0,0,0,0,0,0,0,0,66.16,0,64.46977547,0,91,0,81,0,0,,
43,La Cueva,La Cueva-90,1,true,1,2020-2021,28,4,1,110411,90,2.19,,7.8,1.5,,FAF,08/03/2021 03:15,C02,PCG12-745,,,,,0,0,0,0,0,0,0,0,0,0,0,0,0,0,0,0,0,0,0,0,96.53,0,67.78538813,0,74,0,71,0,0,,
44,La Cueva,La Cueva-100,1,true,1,2020-2021,25,1,1,110411,100,1.48,,6.6,1.5,,FAF,09/02/2021 02:52,C010,SP81-3250,,,,,0,0,0,0,0,0,0,0,0,0,0,0,0,0,0,0,0,0,0,0,96.45,0,75.02702703,0,0,0,83,0,0,,
45,LUQUI LSP,LUQUI LSP-20,1,true,1,2020-2021,24,1,1,110418,20,9.6,,1.5,1.5,,FAF,06/02/2021 17:58,C05,CP72-2086,,,,,0,0,0,0,0,0,0,0,0,0,0,0,0,0,0,0,0,0,0,0,87.11,0,74.796875,0,89,0,88,0,0,,
46,LUQUI LSP,LUQUI LSP-25,1,true,1,2020-2021,30,1,1,110418,25,25.72,,1.5,1.5,,FAF,12/02/2021 15:14,C04,CP89-2376,,,,,0,0,0,0,0,0,0,0,0,0,0,0,0,0,0,0,0,0,0,0,74.54,0,88.54976672,0,76,0,66,0,0,,
248,Natividad Quintero,Natividad Quintero-10,3,true,3,2020-2021,28,1,3,110420,10,11.03,,4,1.5,,FAF,11/02/2021 16:58,C05,CP72-2086,,,,,0,0,0,0,0,0,0,0,0,0,0,0,0,0,0,0,0,0,0,0,66.63,0,89.23844062,0,96,0,94,0,0,,
249,Natividad Quintero,Natividad Quintero-11,3,true,3,2020-2021,73,1,3,110420,11,8.8,,4,1.5,,FAF,03/04/2021 13:01,C06,CP72-2086,,,,,0,0,0,0,0,0,0,0,0,0,0,0,0,0,0,0,0,0,0,0,67.65,0,86.56704545,0,105,0,90,0,0,,
250,Natividad Quintero,Natividad Quintero-30,3,true,3,2020-2021,32,1,3,110420,30,3.94,,4,1.5,,FAF,14/02/2021 16:04,C03,CP72-2086,,,,,0,0,0,0,0,0,0,0,0,0,0,0,0,0,0,0,0,0,0,0,101.4,0,79.35532995,0,83,0,0,0,0,,
47,CICHISA,CICHISA-10,1,true,1,2020-2021,33,1,1,110434,10,15.53,,3,1.5,,FAF,15/02/2021 17:52,C02,B82-333,,,,,0,0,0,0,0,0,0,0,0,0,0,0,0,0,0,0,0,0,0,0,94.6,0,66.72633612,0,65,0,0,0,0,,
48,CICHISA,CICHISA-15,1,true,1,2020-2021,27,1,1,110434,15,11.6,,1.3,1.5,,FAF,11/02/2021 07:33,C04,CP89-2376,,,,,0,0,0,0,0,0,0,0,0,0,0,0,0,0,0,0,0,0,0,0,75.65,0,78.2637931,0,0,0,69,0,0,,
49,CICHISA,CICHISA-20,1,true,1,2020-2021,31,1,1,110434,20,14.8,,1.3,1.5,,FAF,13/02/2021 18:27,C02,SP70-1284,,,,,0,0,0,0,0,0,0,0,0,0,0,0,0,0,0,0,0,0,0,0,84.2,0,0,0,86,0,95,0,0,,
50,CICHISA,CICHISA-30,1,true,1,2020-2021,26,1,1,110434,30,12.83,,1.3,1.5,,FAF,10/02/2021 03:23,C02,B82-333,,,,,0,0,0,0,0,0,0,0,0,0,0,0,0,0,0,0,0,0,0,0,97.41,0,0,0,0,0,0,0,0,,
51,CICHISA,CICHISA-35,1,true,1,2020-2021,29,1,1,110434,35,12.7,,1.3,1.5,,FAF,12/02/2021 03:59,C03,PCG12-745,,,,,0,0,0,0,0,0,0,0,0,0,0,0,0,0,0,0,0,0,0,0,79.77,0,70.00795756,0,0,0,69,0,0,,
52,CICHISA,CICHISA-40,1,true,1,2020-2021,41,1,1,110434,40,4.06,,3,1.5,,FAF,24/02/2021 21:43,C04,CP89-2376,,,,,0,0,0,0,0,0,0,0,0,0,0,0,0,0,0,0,0,0,0,0,57.07,0,62.06896552,0,113,0,53,0,0,,
53,CICHISA,CICHISA-60,1,true,1,2020-2021,42,1,1,110434,60,25.1,,3,1.5,,FAF,26/02/2021 06:35,C05,CP72-2086,,,,,0,0,0,0,0,0,0,0,0,0,0,0,0,0,0,0,0,0,0,0,80.9,0,75.26972112,0,63,0,91,0,0,,
54,CICHISA,CICHISA-62,1,true,1,2020-2021,40,1,1,110434,62,17.66,,3,1.5,,FAF,23/02/2021 17:23,C05,CP72-2086,,,,,0,0,0,0,0,0,0,0,0,0,0,0,0,0,0,0,0,0,0,0,77.02,0,93.43091733,0,85,0,91,0,0,,
55,CICHISA,CICHISA-70,1,true,1,2020-2021,45,1,1,110434,70,3.97,,3,1.5,,FAF,28/02/2021 03:05,C15,SP70-1284,,,,,0,0,0,0,0,0,0,0,0,0,0,0,0,0,0,0,0,0,0,0,102.01,0,79.70528967,0,104,0,86,0,0,,
56,CICHISA,CICHISA-75,1,true,1,2020-2021,10,1,1,110434,75,5.54,,3,1.5,,FAF,18/01/2021 06:48,C01,CP72-2086,,,,,0,0,0,0,0,0,0,0,0,0,0,0,0,0,0,0,0,0,0,0,48.87,0,0,0,0,0,0,0,0,,
57,CICHISA,CICHISA-80,1,true,1,2020-2021,7,2,1,110434,80,14.4,,3,1.5,,FAF,17/01/2021 22:06,C03,PCG12-745,,,,,0,0,0,0,0,0,0,0,0,0,0,0,0,0,0,0,0,0,0,0,84.81,0,80.32777778,0,81,0,80,0,0,,
58,CICHISA,CICHISA-90,1,true,1,2020-2021,33,2,1,110434,90,10.9,,3,1.5,,FAF,15/02/2021 22:20,C05,SP81-3250,,,,,0,0,0,0,0,0,0,0,0,0,0,0,0,0,0,0,0,0,0,0,64.15,0,69.89449541,0,81,0,80,0,0,,
59,CICHISA,CICHISA-95,1,true,1,2020-2021,32,2,1,110434,95,13,,3,1.5,,FAF,15/02/2021 08:31,C05,SP81-3250,,,,,0,0,0,0,0,0,0,0,0,0,0,0,0,0,0,0,0,0,0,0,73.46,0,74.09153846,0,101,0,96,0,0,,
60,CICHISA,CICHISA-110,1,true,1,2020-2021,31,2,1,110434,110,14.2,,3,1.5,,FAF,14/02/2021 04:42,C03,CP72-2086,,,,,0,0,0,0,0,0,0,0,0,0,0,0,0,0,0,0,0,0,0,0,76.75,0,52.91126761,0,108,0,77,0,0,,
61,CICHISA,CICHISA-111,1,true,1,2020-2021,30,2,1,110434,111,11.3,,3,1.5,,FAF,13/02/2021 10:44,C02,SP70-1284,,,,,0,0,0,0,0,0,0,0,0,0,0,0,0,0,0,0,0,0,0,0,85.87,0,72.22566372,0,0,0,0,0,0,,
62,CICHISA,CICHISA-120,1,true,1,2020-2021,28,2,1,110434,120,12.36,,3,1.5,,FAF,12/02/2021 09:06,C04,CP89-2376,,,,,0,0,0,0,0,0,0,0,0,0,0,0,0,0,0,0,0,0,0,0,76.8,0,75.42071197,0,0,0,67,0,0,,
63,CICHISA,CICHISA-130,1,true,1,2020-2021,13,3,1,110434,130,3.89,,3,1.5,,FAF,24/01/2021 23:19,C01SB,SP70-1284,,,,,0,0,0,0,0,0,0,0,0,0,0,0,0,0,0,0,0,0,0,0,0,0,0,0,0,0,0,0,0,,
64,Luis Díaz,Luis Díaz-10,1,true,1,2020-2021,29,2,1,110483,10,10,,3.5,1.5,,FAF,13/02/2021 02:34,C17,CP72-2086,,,,,0,0,0,0,0,0,0,0,0,0,0,0,0,0,0,0,0,0,0,0,106.44,0,116.476,0,70,0,100,0,0,,
65,Luis Díaz,Luis Díaz-15,1,true,1,2020-2021,34,2,1,110483,15,14.5,,3.5,1.5,,FAF,16/02/2021 03:52,C03,CP89-2376,,,,,0,0,0,0,0,0,0,0,0,0,0,0,0,0,0,0,0,0,0,0,80.4,0,114.2248276,0,111,0,0,0,0,,
66,Luis Díaz,Luis Díaz-16,1,true,1,2020-2021,28,3,1,110483,16,10.87,,3.5,1.5,,FAF,20/02/2021 04:22,C06,CP89-2376,,,,,0,0,0,0,0,0,0,0,0,0,0,0,0,0,0,0,0,0,0,0,73.46,0,88.19687213,0,0,0,96,0,0,,
67,Rafael Otero,Rafael Otero-10,1,true,1,2020-2021,29,3,1,110485,10,10.3,,2.2,1.5,,FAF,20/02/2021 09:45,C05,CP72-2086,,,,,0,0,0,0,0,0,0,0,0,0,0,0,0,0,0,0,0,0,0,0,81.99,0,68.43009709,0,97,0,67,0,0,,
68,Rafael Otero,Rafael Otero-20,1,true,1,2020-2021,47,2,1,110485,20,1,,2.2,1.5,,FAF,26/02/2021 00:17,C06,SP70-1284,,,,,0,0,0,0,0,0,0,0,0,0,0,0,0,0,0,0,0,0,0,0,56.87,0,121.52,0,81,0,110,0,0,,
353,Finca Corotú,Finca Corotú-10,5,true,5,2020-2021,49,2,5,110723,10,29.78,,14.6,1.5,,FAF,26/02/2021 18:02,C07,SP81-3250,,,,,0,0,0,0,0,0,0,0,0,0,0,0,0,0,0,0,0,0,0,0,82.0241773,0,84.00335796,0,96,0,109,0,0,,
354,Finca Corotú,Finca Corotú-24,5,true,5,2020-2021,50,2,5,110723,24,14.1,,15,1.5,,FAF,28/02/2021 01:22,C02,SP70-1284,,,,,0,0,0,0,0,0,0,0,0,0,0,0,0,0,0,0,0,0,0,0,41.53,0,50.3253012,0,113,0,73,0,0,,
355,Finca Corotú,Finca Corotú-25,5,true,5,2020-2021,48,2,5,110723,25,17.94,,15,1.5,,FAF,26/02/2021 05:06,C02,SP81-3250,,,,,0,0,0,0,0,0,0,0,0,0,0,0,0,0,0,0,0,0,0,0,89.87,0,58.59643255,0,77,0,0,0,0,,
356,Finca Corotú,Finca Corotú-30,5,true,5,2020-2021,51,2,5,110723,30,12.95,,15,1.5,,FAF,28/02/2021 22:32,C06,SP81-3250,,,,,0,0,0,0,0,0,0,0,0,0,0,0,0,0,0,0,0,0,0,0,81.95,0,91.09111969,0,0,0,100,0,0,,
357,Finca Corotú,Finca Corotú-33,5,true,5,2020-2021,52,2,5,110723,33,7.15,,15,1.5,,FAF,01/03/2021 09:03,C05,CP72-2086,,,,,0,0,0,0,0,0,0,0,0,0,0,0,0,0,0,0,0,0,0,0,51.75,0,0,0,105,0,98,0,0,,
358,Finca Corotú,Finca Corotú-36,5,true,5,2020-2021,53,2,5,110723,36,5.74,,15,1.5,,FAF,01/03/2021 16:02,C02,SP70-1284,,,,,0,0,0,0,0,0,0,0,0,0,0,0,0,0,0,0,0,0,0,0,94.61,0,102.9843206,0,97,0,0,0,0,,
359,Finca Corotú,Finca Corotú-40,5,true,5,2020-2021,54,2,5,110723,40,6.33,,15,1.5,,FAF,02/03/2021 18:21,C06,SP81-3250,,,,,0,0,0,0,0,0,0,0,0,0,0,0,0,0,0,0,0,0,0,0,64.04,0,89.79146919,0,0,0,79,0,0,,
360,Finca Corotú,Finca Corotú-50,5,true,5,2020-2021,35,2,5,110723,50,13.38,,15,1.5,,FAF,17/02/2021 05:43,C04,CP89-2376,,,,,0,0,0,0,0,0,0,0,0,0,0,0,0,0,0,0,0,0,0,0,70.1,0,97.96263079,0,0,0,50,0,0,,
361,Finca Corotú,Finca Corotú-60,5,true,5,2020-2021,38,2,5,110723,60,4.85,,16,1.5,,FAF,19/02/2021 21:11,C03,CP89-2376,,,,,0,0,0,0,0,0,0,0,0,0,0,0,0,0,0,0,0,0,0,0,55.46,0,0,0,117,0,65,0,0,,
362,Finca Corotú,Finca Corotú-70,5,true,5,2020-2021,37,2,5,110723,70,5.67,,16.6,1.5,,FAF,18/02/2021 04:25,C02,SP81-3250,,,,,0,0,0,0,0,0,0,0,0,0,0,0,0,0,0,0,0,0,0,0,66.64,0,94.28924162,0,99,0,71,0,0,,
363,Finca Corotú,Finca Corotú-80,5,true,5,2020-2021,36,2,5,110723,80,1.36,,15,1.5,,FAF,17/02/2021 15:25,C05,SP70-1284,,,,,0,0,0,0,0,0,0,0,0,0,0,0,0,0,0,0,0,0,0,0,64.09,0,93.85294118,0,0,0,0,0,0,,
364,Finca Corotú,Finca Corotú-90,5,true,5,2020-2021,41,2,5,110723,90,19.82,,16.6,1.5,,FAF,21/02/2021 22:04,C07,SP81-3250,,,,,0,0,0,0,0,0,0,0,0,0,0,0,0,0,0,0,0,0,0,0,80.83,0,75.91675076,0,0,0,105,0,0,,
365,Finca Corotú,Finca Corotú-93,5,true,5,2020-2021,40,2,5,110723,93,9.91,,16.6,1.5,,FAF,21/02/2021 04:27,C04,CP89-2376,,,,,0,0,0,0,0,0,0,0,0,0,0,0,0,0,0,0,0,0,0,0,79.06,0,91.3148335,0,102,0,120,0,0,,
366,Finca Corotú,Finca Corotú-94,5,true,5,2020-2021,39,2,5,110723,94,21.33,,16.6,1.5,,FAF,20/02/2021 05:36,C05,SP81-3250,,,,,0,0,0,0,0,0,0,0,0,0,0,0,0,0,0,0,0,0,0,0,88.55,0,95.77918425,0,120,0,115,0,0,,
367,Finca Corotú,Finca Corotú-95,5,true,5,2020-2021,46,2,5,110723,95,4.21,,16.6,1.5,,FAF,24/02/2021 20:47,C07,SP81-3250,,,,,0,0,0,0,0,0,0,0,0,0,0,0,0,0,0,0,0,0,0,0,70.81,0,83.52969121,0,123,0,112,0,0,,
368,Finca Corotú,Finca Corotú-120,5,true,5,2020-2021,42,2,5,110723,120,14.41,,16.6,1.5,,FAF,22/02/2021 17:50,C09,SP81-3250,,,,,0,0,0,0,0,0,0,0,0,0,0,0,0,0,0,0,0,0,0,0,88.46,0,79.74670368,0,102,0,106,0,0,,
369,Finca Corotú,Finca Corotú-121,5,true,5,2020-2021,44,2,5,110723,121,8.06,,16.6,1.5,,FAF,23/02/2021 04:56,C09,SP70-1284,,,,,0,0,0,0,0,0,0,0,0,0,0,0,0,0,0,0,0,0,0,0,79.52,0,91.57568238,0,108,0,108,0,0,,
370,Finca Corotú,Finca Corotú-122,5,true,5,2020-2021,55,2,5,110723,122,5.03,,16.6,1.5,,FAF,03/03/2021 00:47,C06,SP81-3250,,,,,0,0,0,0,0,0,0,0,0,0,0,0,0,0,0,0,0,0,0,0,89.75,0,88.00397614,0,112,0,106,0,0,,
371,Finca Corotú,Finca Corotú-130,5,true,5,2020-2021,56,2,5,110723,130,21.5,,16.6,1.65,,FAF,03/03/2021 22:42,R,SP70-1284,,,,,0,0,0,0,0,0,0,0,0,0,0,0,0,0,0,0,0,0,0,0,63,0,83.17906977,0,111,0,105,0,0,,
372,Finca Corotú,Finca Corotú-140,5,true,5,2020-2021,31,3,5,110723,140,17.59,,16,1.5,,FAF,23/02/2021 09:05,C05,CP72-2086,,,,,0,0,0,0,0,0,0,0,0,0,0,0,0,0,0,0,0,0,0,0,89.82,0,91.54462763,0,109,0,95,0,0,,
373,Finca Corotú,Finca Corotú-150,5,true,5,2020-2021,43,2,5,110723,150,29.39,,16.3,1.5,,FAF,22/02/2021 20:31,C08,SP81-3250,,,,,0,0,0,0,0,0,0,0,0,0,0,0,0,0,0,0,0,0,0,0,83.45,0,89.47056822,0,115,0,107,0,0,,
374,Finca Corotú,Finca Corotú-151,5,true,5,2020-2021,25,2,5,110723,151,7.58,,16.6,1.5,,FAF,09/02/2021 17:22,C07,SP81-3250,,,,,0,0,0,0,0,0,0,0,0,0,0,0,0,0,0,0,0,0,0,0,118.03,0,0,0,112,0,100,0,0,,
375,Finca Corotú,Finca Corotú-153,5,true,5,2020-2021,26,2,5,110723,153,6.61,,16,1.5,,FAF,10/02/2021 22:32,C04,CP89-2376,,,,,0,0,0,0,0,0,0,0,0,0,0,0,0,0,0,0,0,0,0,0,91.7,0,85.44,0,117,0,86,0,0,,
376,Finca Corotú,Finca Corotú-155,5,true,5,2020-2021,27,2,5,110723,155,12,,16.6,1.5,,FAF,12/02/2021 00:12,C04,PR75-2002,,,,,0,0,0,0,0,0,0,0,0,0,0,0,0,0,0,0,0,0,0,0,92.8,0,90.27272727,0,116,0,102,0,0,,
377,Finca Corotú,Finca Corotú-156,5,true,5,2020-2021,45,2,5,110723,156,15.55,,16.6,1.5,,FAF,23/02/2021 20:54,C05,CP89-2376,,,,,0,0,0,0,0,0,0,0,0,0,0,0,0,0,0,0,0,0,0,0,91.02,0,80.16842105,0,90,0,95,0,0,,
378,Finca Corotú,Finca Corotú-159,5,true,5,2020-2021,8,2,5,110723,159,5.73,,16.6,1.5,,FAF,19/01/2021 06:11,C05,CP89-2376,,,,,0,0,0,0,0,0,0,0,0,0,0,0,0,0,0,0,0,0,0,0,92.6,0,95.47643979,0,112,0,104,0,0,,
379,Finca Corotú,Finca Corotú-160,5,true,5,2020-2021,92,2,5,110723,160,15.41,,16.6,1.5,,FAF,07/04/2021 20:04,C09,SP81-3250,,,,,0,0,0,0,0,0,0,0,0,0,0,0,0,0,0,0,0,0,0,0,98.55,0,0,0,107,0,84,0,0,,
380,Finca Corotú,Finca Corotú-165,5,true,5,2020-2021,2,1,5,110723,165,12.75,,16.6,1.5,,FAF,13/01/2021 06:07,C05,SP70-1284,,,,,0,0,0,0,0,0,0,0,0,0,0,0,0,0,0,0,0,0,0,0,96.04,0,80.85714286,0,98,0,90,0,0,,
381,Finca Corotú,Finca Corotú-168,5,true,5,2020-2021,1,4,5,110723,168,6.88,,16.6,1.65,,FAF,11/01/2021 17:46,R,SP70-1284,,,,,0,0,0,0,0,0,0,0,0,0,0,0,0,0,0,0,0,0,0,0,50,0,64.03052326,0,94,0,99,0,0,,
382,Finca Corotú,Finca Corotú-170,5,true,5,2020-2021,34,1,5,110723,170,5.25,,16.6,1.5,,FAF,16/02/2021 05:37,C010,SP70-1284,,,,,0,0,0,0,0,0,0,0,0,0,0,0,0,0,0,0,0,0,0,0,95.1,0,102.7428571,0,70,0,104,0,0,,
383,Finca Corotú,Finca Corotú-175,5,true,5,2020-2021,39,1,5,110723,175,17.9,,16.6,1.5,,FAF,22/02/2021 18:17,C05,PR75-2002,,,,,0,0,0,0,0,0,0,0,0,0,0,0,0,0,0,0,0,0,0,0,75.6,0,80.28044693,0,116,0,100,0,0,,
384,Finca Corotú,Finca Corotú-180,5,true,5,2020-2021,35,1,5,110723,180,13.47,,18,1.65,,FAF,17/02/2021 01:12,R,SP70-1284,,,,,0,0,0,0,0,0,0,0,0,0,0,0,0,0,0,0,0,0,0,0,61,0,48.54936897,0,95,0,66,0,0,,
385,Finca Corotú,Finca Corotú-190,5,true,5,2020-2021,37,1,5,110723,190,2.73,,16.6,1.5,,FAF,20/02/2021 00:58,C04,CP72-2086,,,,,0,0,0,0,0,0,0,0,0,0,0,0,0,0,0,0,0,0,0,0,37.7,0,70,0,77,0,26,0,0,,
386,Finca Corotú,Finca Corotú-200,5,true,5,2020-2021,33,4,5,110723,200,20.24,,15,1.5,,FAF,13/03/2021 16:58,C05,CP72-2086,,,,,0,0,0,0,0,0,0,0,0,0,0,0,0,0,0,0,0,0,0,0,81.74,0,88.82559289,0,79,0,88,0,0,,
387,Finca Corotú,Finca Corotú-210,5,true,5,2020-2021,38,1,5,110723,210,21.03,,15,1.5,,FAF,21/02/2021 05:27,C11,SP70-1284,,,,,0,0,0,0,0,0,0,0,0,0,0,0,0,0,0,0,0,0,0,0,84.15,0,94.73941988,0,98,0,95,0,0,,
388,Finca Corotú,Finca Corotú-220,5,true,5,2020-2021,36,1,5,110723,220,18.5,,15,1.5,,FAF,18/02/2021 00:24,C11,SP70-1284,,,,,0,0,0,0,0,0,0,0,0,0,0,0,0,0,0,0,0,0,0,0,78.08,0,74.99562363,0,96,0,101,0,0,,
389,Finca Corotú,Finca Corotú-230,5,true,5,2020-2021,1,1,5,110723,230,12.22,,15,1.65,,FAF,12/01/2021 04:14,R,SP70-1284,,,,,0,0,0,0,0,0,0,0,0,0,0,0,0,0,0,0,0,0,0,0,63,0,94.68248773,0,88,0,97,0,0,,
390,Finca Corotú,Finca Corotú-240,5,true,5,2020-2021,2,4,5,110723,240,20.7,,15.6,1.5,,FAF,12/01/2021 05:18,C08,SP81-3250,,,,,0,0,0,0,0,0,0,0,0,0,0,0,0,0,0,0,0,0,0,0,93.66,0,81.89758454,0,89,0,97,0,0,,
391,Alcibiades Morales,Alcibiades Morales-10,5,true,5,2020-2021,3,4,5,110745,10,10.62,,15.2,1.5,,FAF,12/01/2021 14:44,C010,SP70-1284,,,,,0,0,0,0,0,0,0,0,0,0,0,0,0,0,0,0,0,0,0,0,66.3,0,93.92372881,0,89,0,107,0,0,,
69,LUQUI Alanje,LUQUI Alanje-10,1,true,1,2020-2021,25,3,1,110754,10,10.15,,4.5,1.5,,FAF,16/02/2021 06:01,C02,CP89-2376,,,,,0,0,0,0,0,0,0,0,0,0,0,0,0,0,0,0,0,0,0,0,90.29,0,69.90246305,0,107,0,91,0,0,,
70,LUQUI Alanje,LUQUI Alanje-15,1,true,1,2020-2021,24,3,1,110754,15,2.47,,4.5,1.5,,FAF,12/02/2021 22:16,C05,CP72-2086,,,,,0,0,0,0,0,0,0,0,0,0,0,0,0,0,0,0,0,0,0,0,83.43,0,93.16194332,0,92,0,100,0,0,,
71,LUQUI Alanje,LUQUI Alanje-20,1,true,1,2020-2021,81,2,1,110754,20,5.19,,5,1.5,,FAR,31/03/2021 03:14,C05,SP81-3250,,,,,0,0,0,0,0,0,0,0,0,0,0,0,0,0,0,0,0,0,0,0,74.89,0,78.56647399,0,80,0,116,0,0,,
72,LUQUI Alanje,LUQUI Alanje-30,1,true,1,2020-2021,80,2,1,110754,30,14.44,,4,1.5,,FAF,29/03/2021 13:25,C05,SP81-3250,,,,,0,0,0,0,0,0,0,0,0,0,0,0,0,0,0,0,0,0,0,0,86.92,0,134.1398892,0,82,0,116,0,0,,
73,LUQUI Alanje,LUQUI Alanje-35,1,true,1,2020-2021,79,2,1,110754,35,7.27,,5,1.5,,FAF,28/03/2021 02:33,C02,SP81-3250,,,,,0,0,0,0,0,0,0,0,0,0,0,0,0,0,0,0,0,0,0,0,90.19,0,135.5969739,0,100,0,0,0,0,,
74,LUQUI Alanje,LUQUI Alanje-36,1,true,1,2020-2021,78,2,1,110754,36,17.14,,4.5,1.5,,FAF,26/03/2021 14:59,C01,SP70-1284,,,,,0,0,0,0,0,0,0,0,0,0,0,0,0,0,0,0,0,0,0,0,96.16,0,69.6697783,0,0,0,102,0,0,,
75,LUQUI Alanje,LUQUI Alanje-45,1,true,1,2020-2021,77,2,1,110754,45,2.06,,3.7,1.5,,FAF,24/03/2021 23:41,C010,SP70-1284,,,,,0,0,0,0,0,0,0,0,0,0,0,0,0,0,0,0,0,0,0,0,116.07,0,67.98058252,0,113,0,79,0,0,,
76,LUQUI Alanje,LUQUI Alanje-50,1,true,1,2020-2021,76,2,1,110754,50,11.17,,4,1.5,,FAF,24/03/2021 10:06,C01,SP70-1284,,,,,0,0,0,0,0,0,0,0,0,0,0,0,0,0,0,0,0,0,0,0,103.84,0,62.3312444,0,100,0,68,0,0,,
77,LUQUI Alanje,LUQUI Alanje-55,1,true,1,2020-2021,75,2,1,110754,55,9.1,,4.3,1.5,,FAF,23/03/2021 18:08,C05,CP72-2086,,,,,0,0,0,0,0,0,0,0,0,0,0,0,0,0,0,0,0,0,0,0,85.16,0,99.58901099,0,82,0,109,0,0,,
78,LUQUI Alanje,LUQUI Alanje-60,1,true,1,2020-2021,82,1,1,110754,60,13.29,,4.5,1.5,,FAF,12/04/2021 12:40,C05,CP72-2086,,,,,0,0,0,0,0,0,0,0,0,0,0,0,0,0,0,0,0,0,0,0,72.94582393,0,77.38265306,0,88,0,83,0,0,,
79,LUQUI Alanje,LUQUI Alanje-70,1,true,1,2020-2021,81,1,1,110754,70,1.71,,4.5,1.5,,FAF,10/04/2021 08:45,C04,CP72-2086,,,,,0,0,0,0,0,0,0,0,0,0,0,0,0,0,0,0,0,0,0,0,80.11695906,0,74.33918129,0,75,0,64,0,0,,
80,LUQUI Alanje,LUQUI Alanje-80,1,true,1,2020-2021,34,4,1,110754,80,1.4,,4.5,1.5,,FAF,13/03/2021 23:09,C04,PCG12-745,,,,,0,0,0,0,0,0,0,0,0,0,0,0,0,0,0,0,0,0,0,0,80,0,68.11428571,0,77,0,68,0,0,,
392,Los Llanos,Los Llanos-10,5,true,5,2020-2021,4,4,5,110760,10,15.65,,16.4,1.5,,FAF,12/01/2021 23:53,C02,SP70-1284,,,,,0,0,0,0,0,0,0,0,0,0,0,0,0,0,0,0,0,0,0,0,89.91,0,52.42619808,0,74,0,0,0,0,,
393,Los Llanos,Los Llanos-20,5,true,5,2020-2021,5,4,5,110760,20,3.64,,15.9,1.5,,FAF,16/01/2021 05:34,C02,SP70-1284,,,,,0,0,0,0,0,0,0,0,0,0,0,0,0,0,0,0,0,0,0,0,66.74,0,50.3021978,0,0,0,0,0,0,,
394,Los Llanos,Los Llanos-30,5,true,5,2020-2021,31,4,5,110760,30,14.68,,15.4,1.65,,FAF,12/03/2021 00:53,RS,SP70-1284,,,,,0,0,0,0,0,0,0,0,0,0,0,0,0,0,0,0,0,0,0,0,0,0,0,0,0,0,0,0,0,,
395,Los Llanos,Los Llanos-40,5,true,5,2020-2021,29,4,5,110760,40,25.74,,15.4,1.5,,FAF,11/03/2021 04:39,C01S,SP70-1284,,,,,0,0,0,0,0,0,0,0,0,0,0,0,0,0,0,0,0,0,0,0,0,0,0,0,0,0,0,0,0,,
396,Los Llanos,Los Llanos-50,5,true,5,2020-2021,32,4,5,110760,50,26.7,,15.4,1.65,,FAF,13/03/2021 02:08,R,SP70-1284,,,,,0,0,0,0,0,0,0,0,0,0,0,0,0,0,0,0,0,0,0,0,0,0,81.83558052,0,101,0,115,0,0,,
397,Los Llanos,Los Llanos-60,5,true,5,2020-2021,43,1,5,110760,60,6.08,,14.4,1.65,,FAF,26/02/2021 22:35,RS,B82-333,,,,,0,0,0,0,0,0,0,0,0,0,0,0,0,0,0,0,0,0,0,0,0,0,0,0,0,0,0,0,0,,
398,Los Llanos,Los Llanos-70,5,true,5,2020-2021,23,3,5,110760,70,27.25,,14.7,1.65,,FAF,12/02/2021 05:47,R,SP70-1284,,,,,0,0,0,0,0,0,0,0,0,0,0,0,0,0,0,0,0,0,0,0,0,0,90.03155963,0,101,0,113,0,0,,
399,Los Llanos,Los Llanos-80,5,true,5,2020-2021,52,1,5,110760,80,30.1,,15.2,1.5,,FAF,11/03/2021 03:38,C08,SP70-1284,,,,,0,0,0,0,0,0,0,0,0,0,0,0,0,0,0,0,0,0,0,0,72.13,0,88.12724252,0,118,0,111,0,0,,
400,Los Llanos,Los Llanos-90,5,true,5,2020-2021,53,1,5,110760,90,9.24,,14.4,1.5,,FAF,12/03/2021 07:30,C08,CP01-1372,,,,,0,0,0,0,0,0,0,0,0,0,0,0,0,0,0,0,0,0,0,0,88.65,0,87.22943723,0,111,0,110,0,0,,
401,Los Llanos,Los Llanos-100,5,true,5,2020-2021,46,1,5,110760,100,10.3,,14.4,1.5,,FAF,02/03/2021 07:14,C02,SP70-1284,,,,,0,0,0,0,0,0,0,0,0,0,0,0,0,0,0,0,0,0,0,0,103.1,0,75.23203883,0,98,0,0,0,0,,
402,Los Llanos,Los Llanos-110,5,true,5,2020-2021,47,1,5,110760,110,8.02,,14.4,1.5,,FAF,04/03/2021 17:30,C08,Mex79-431,,,,,0,0,0,0,0,0,0,0,0,0,0,0,0,0,0,0,0,0,0,0,80.78,0,90.84289277,0,0,0,108,0,0,,
81,Lucila Morales,Lucila Morales-10,1,true,1,2020-2021,48,1,1,110780,10,18.32,,2.5,1.5,,FAF,06/03/2021 02:17,C01,B82-333,,,,,0,0,0,0,0,0,0,0,0,0,0,0,0,0,0,0,0,0,0,0,90.22,0,68.69323144,0,108,0,68,0,0,,
82,Lucila Morales,Lucila Morales-20,1,true,1,2020-2021,14,1,1,110780,20,1.83,,2.5,1.5,,FAF,26/01/2021 21:18,C01,B82-333,,,,,0,0,0,0,0,0,0,0,0,0,0,0,0,0,0,0,0,0,0,0,65.33,0,62.60655738,0,107,0,65,0,0,,
83,Lucila Morales,Lucila Morales-30,1,true,1,2020-2021,15,1,1,110780,30,0.86,,2.5,1.5,,FAF,28/01/2021 08:10,C01,B82-333,,,,,0,0,0,0,0,0,0,0,0,0,0,0,0,0,0,0,0,0,0,0,79.25,0,81.97674419,0,78,0,48,0,0,,
84,Kenia Guardia,Kenia Guardia-10,1,true,1,2020-2021,62,1,1,110781,10,1.27,,5,1.5,,FAF,24/03/2021 12:21,C07,SP70-1284,,,,,0,0,0,0,0,0,0,0,0,0,0,0,0,0,0,0,0,0,0,0,112.84,0,70.64566929,0,66,0,0,0,0,,
85,Kenia Guardia,Kenia Guardia-20,1,true,1,2020-2021,19,1,1,110781,20,12.34,,2.4,1.5,,FAF,02/02/2021 06:39,C03,CP06-2400,,,,,0,0,0,0,0,0,0,0,0,0,0,0,0,0,0,0,0,0,0,0,70.3184765,0,69.71150729,0,106,0,0,0,0,,
86,Kenia Guardia,Kenia Guardia-25,1,true,1,2020-2021,60,1,1,110781,25,1.85,,1.3,1.5,,FAF,20/03/2021 13:33,C01,B82-333,,,,,0,0,0,0,0,0,0,0,0,0,0,0,0,0,0,0,0,0,0,0,82.5,0,0,0,0,0,0,0,0,,
87,Kenia Guardia,Kenia Guardia-30,1,true,1,2020-2021,61,1,1,110781,30,7.42,,2.5,1.5,,FAF,21/03/2021 12:10,CQ09,SP70-1284,,,,,0,0,0,0,0,0,0,0,0,0,0,0,0,0,0,0,0,0,0,0,0,0,80.20754717,0,74,0,89,0,0,,
88,Kenia Guardia,Kenia Guardia-50,1,true,1,2020-2021,47,4,1,110781,50,3.51,,1.3,1.5,,FAF,13/04/2021 12:28,C03,CP72-2086,,,,,0,0,0,0,0,0,0,0,0,0,0,0,0,0,0,0,0,0,0,0,79.29,0,70.78062678,0,96,0,0,0,0,,
89,Kenia Guardia,Kenia Guardia-60,1,true,1,2020-2021,5,5,1,110781,60,7.06,,2.5,1.5,,FAF,18/01/2021 22:55,C04,CP89-2376,,,,,0,0,0,0,0,0,0,0,0,0,0,0,0,0,0,0,0,0,0,0,74.31,0,85.83569405,0,71,0,66,0,0,,
403,Sánchez y Vasquez,Sánchez y Vasquez-10,5,true,5,2020-2021,54,3,5,110788,10,17.64,,15.2,1.5,,FAF,06/04/2021 10:19,C01,SP70-1284,,,,,0,0,0,0,0,0,0,0,0,0,0,0,0,0,0,0,0,0,0,0,61.18,0,63.01984127,0,86,0,80,0,0,,
90,Loma de San Pedro,Loma de San Pedro-10,1,true,1,2020-2021,55,3,1,110834,10,22.76,,4.7,1.5,,FAF,06/04/2021 23:54,C09,SP81-3250,,,,,0,0,0,0,0,0,0,0,0,0,0,0,0,0,0,0,0,0,0,0,67.53,0,77.69507909,0,88,0,82,0,0,,
91,Loma de San Pedro,Loma de San Pedro-15,1,true,1,2020-2021,43,3,1,110834,15,9.83,,4.7,1.5,,FAF,22/03/2021 04:38,C02,SP70-1284,,,,,0,0,0,0,0,0,0,0,0,0,0,0,0,0,0,0,0,0,0,0,101.78,0,84.47711089,0,91,0,91,0,0,,
92,Loma de San Pedro,Loma de San Pedro-20,1,true,1,2020-2021,42,3,1,110834,20,18.41,,3.3,1.5,,FAF,21/03/2021 00:18,C01,SP81-3250,,,,,0,0,0,0,0,0,0,0,0,0,0,0,0,0,0,0,0,0,0,0,80.24,0,75.1634981,0,76,0,55,0,0,,
93,Loma de San Pedro,Loma de San Pedro-21,1,true,1,2020-2021,25,4,1,110834,21,24.19,,3.3,1.5,,FAF,02/03/2021 03:39,C02,SP81-3250,,,,,0,0,0,0,0,0,0,0,0,0,0,0,0,0,0,0,0,0,0,0,63,0,0,0,0,0,0,0,0,,
94,Loma de San Pedro,Loma de San Pedro-22,1,true,1,2020-2021,26,4,1,110834,22,14.46,,3.3,1.5,,FAF,04/03/2021 02:16,C02,SP70-1284,,,,,0,0,0,0,0,0,0,0,0,0,0,0,0,0,0,0,0,0,0,0,73.92,0,0,0,0,0,0,0,0,,
95,Loma de San Pedro,Loma de San Pedro-25,1,true,1,2020-2021,27,4,1,110834,25,37.31,,3.3,1.5,,FAF,07/03/2021 05:20,C05,CP72-2086,,,,,0,0,0,0,0,0,0,0,0,0,0,0,0,0,0,0,0,0,0,0,79.88,0,117.0101849,0,91,0,103,0,0,,
96,Loma de San Pedro,Loma de San Pedro-26,1,true,1,2020-2021,86,2,1,110834,26,17.58,,3.3,1.5,,FAF,02/04/2021 19:43,C05,CP72-2086,,,,,0,0,0,0,0,0,0,0,0,0,0,0,0,0,0,0,0,0,0,0,67.01,0,99.26166098,0,102,0,96,0,0,,
97,Loma de San Pedro,Loma de San Pedro-30,1,true,1,2020-2021,87,2,1,110834,30,29.97,,3.1,1.5,,FAF,03/04/2021 02:17,C05,SP70-1284,,,,,0,0,0,0,0,0,0,0,0,0,0,0,0,0,0,0,0,0,0,0,87.83,0,87.58491825,0,107,0,92,0,0,,
98,Loma de San Pedro,Loma de San Pedro-32,1,true,1,2020-2021,72,2,1,110834,32,15,,3.1,1.5,,FAF,22/03/2021 07:33,C01,SP70-1284,,,,,0,0,0,0,0,0,0,0,0,0,0,0,0,0,0,0,0,0,0,0,92.328125,0,0,0,11.8,0,70,0,0,,
99,Loma de San Pedro,Loma de San Pedro-40,1,true,1,2020-2021,73,2,1,110834,40,19.83,,3.1,1.5,,FAF,22/03/2021 14:07,C06,SP70-1284,,,,,0,0,0,0,0,0,0,0,0,0,0,0,0,0,0,0,0,0,0,0,78.19,0,79.19667171,0,79,0,87,0,0,,
100,Loma de San Pedro,Loma de San Pedro-41,1,true,1,2020-2021,74,2,1,110834,41,11.4,,3.1,1.5,,FAF,23/03/2021 06:21,C01S,SP81-3250,,,,,0,0,0,0,0,0,0,0,0,0,0,0,0,0,0,0,0,0,0,0,0,0,0,0,0,0,0,0,0,,
101,Loma de San Pedro,Loma de San Pedro-50,1,true,1,2020-2021,83,1,1,110834,50,2.5,,3.6,1.5,,FAF,13/04/2021 12:28,C02,SP81-3250,,,,,0,0,0,0,0,0,0,0,0,0,0,0,0,0,0,0,0,0,0,0,62.52,0,0,0,0,0,0,0,0,,
102,Loma de San Pedro,Loma de San Pedro-51,1,true,1,2020-2021,46,3,1,110834,51,0.76,,3.6,1.5,,FAF,24/03/2021 12:29,C02,CC01-1940,,,,,0,0,0,0,0,0,0,0,0,0,0,0,0,0,0,0,0,0,0,0,0,0,0,0,0,0,0,0,0,,
251,Darío Olmos,Darío Olmos-10,3,true,3,2020-2021,23,2,3,110836,10,32.1,,15.6,1.5,,FAF,07/02/2021 22:34,CQ02,CP89-2376,,,,,0,0,0,0,0,0,0,0,0,0,0,0,0,0,0,0,0,0,0,0,0,0,84.40373832,0,88,0,86,0,0,,
252,Hernán Hernández,Hernán Hernández-10,3,true,3,2020-2021,24,2,3,110851,10,6.83,,5,1.5,,FAF,08/02/2021 13:17,C01S,CC01-1940,,,,,0,0,0,0,0,0,0,0,0,0,0,0,0,0,0,0,0,0,0,0,0,0,0,0,0,0,0,0,0,,
253,Hernán Hernández,Hernán Hernández-11,3,true,3,2020-2021,67,2,3,110851,11,3,,5,1.5,,FAF,16/03/2021 07:05,C01S,SP70-1284,,,,,0,0,0,0,0,0,0,0,0,0,0,0,0,0,0,0,0,0,0,0,0,0,0,0,0,0,0,0,0,,
254,Hernán Hernández,Hernán Hernández-20,3,true,3,2020-2021,71,2,3,110851,20,4.55,,4.3,1.5,,FAF,21/03/2021 08:33,C02,SP70-1284,,,,,0,0,0,0,0,0,0,0,0,0,0,0,0,0,0,0,0,0,0,0,111.27,0,86,0,0,0,0,0,0,,
255,Hernán Hernández,Hernán Hernández-30,3,true,3,2020-2021,68,2,3,110851,30,9.44,,4.3,1.5,,FAF,17/03/2021 14:31,C02,SP81-3250,,,,,0,0,0,0,0,0,0,0,0,0,0,0,0,0,0,0,0,0,0,0,68.51,0,78,0,0,0,0,0,0,,
256,Cristi Quintero,Cristi Quintero-10,3,true,3,2020-2021,70,2,3,110859,10,10.8,,3.5,1.65,,FAF,20/03/2021 01:20,RS,SP81-3250,,,,,0,0,0,0,0,0,0,0,0,0,0,0,0,0,0,0,0,0,0,0,0,0,0,0,0,0,0,0,0,,
103,Cañaverales,Cañaverales-10,1,true,1,2020-2021,21,2,1,110868,10,26,,3.7,1.5,,FAF,05/02/2021 00:38,C04,CP89-2376,,,,,0,0,0,0,0,0,0,0,0,0,0,0,0,0,0,0,0,0,0,0,68,0,70.28115385,0,83,0,70,0,0,,
104,Cañaverales,Cañaverales-15,1,true,1,2020-2021,69,2,1,110868,15,8.64,,3.7,1.5,,FAF,18/03/2021 16:02,C05,SP81-3250,,,,,0,0,0,0,0,0,0,0,0,0,0,0,0,0,0,0,0,0,0,0,61.93,0,54.29976852,0,96,0,82,0,0,,
105,Cañaverales,Cañaverales-20,1,true,1,2020-2021,20,2,1,110868,20,11.13,,3.7,1.5,,FAF,04/02/2021 07:04,C04,SP70-1284,,,,,0,0,0,0,0,0,0,0,0,0,0,0,0,0,0,0,0,0,0,0,74.59,0,70.5049416,0,80,0,69,0,0,,
404,Efraín Hernández,Efraín Hernández-10,5,true,5,2020-2021,22,2,5,110872,10,11.28,,14.3,1.5,,FAF,05/02/2021 20:20,C01S,SP81-3250,,,,,0,0,0,0,0,0,0,0,0,0,0,0,0,0,0,0,0,0,0,0,0,0,0,0,0,0,0,0,0,,
405,Efraín Hernández,Efraín Hernández-15,5,true,5,2020-2021,35,3,5,110872,15,5.03,,14.3,1.5,,FAF,04/03/2021 11:52,C01S,B82-333,,,,,0,0,0,0,0,0,0,0,0,0,0,0,0,0,0,0,0,0,0,0,0,0,0,0,0,0,0,0,0,,
406,Efraín Hernández,Efraín Hernández-20,5,true,5,2020-2021,36,3,5,110872,20,15.66,,14.5,1.5,,FAF,09/03/2021 19:16,C02,SP70-1284,,,,,0,0,0,0,0,0,0,0,0,0,0,0,0,0,0,0,0,0,0,0,91.03,0,0,0,0,0,0,0,0,,
407,Efraín Hernández,Efraín Hernández-30,5,true,5,2020-2021,37,3,5,110872,30,4.02,,14.5,1.5,,FAF,12/03/2021 06:19,C02,SP70-1284,,,,,0,0,0,0,0,0,0,0,0,0,0,0,0,0,0,0,0,0,0,0,99.21,0,0,0,0,0,0,0,0,,
408,Efraín Hernández,Efraín Hernández-51,5,true,5,2020-2021,38,3,5,110872,51,13.26,,13.4,1.65,,FAF,13/03/2021 10:24,R,SP70-1284,,,,,0,0,0,0,0,0,0,0,0,0,0,0,0,0,0,0,0,0,0,0,0,0,0,0,0,0,0,0,0,,
106,INLU,INLU-10,1,true,1,2020-2021,39,3,1,110886,10,12,,2.2,1.65,,FAF,13/03/2021 19:23,R,SP81-3250,,,,,0,0,0,0,0,0,0,0,0,0,0,0,0,0,0,0,0,0,0,0,77.48,0,113.11,0,98,0,82,0,0,,
409,Cañas Blancas,Cañas Blancas-10,5,true,5,2020-2021,40,3,5,110893,10,27.98,,12.8,1.5,,FAF,14/03/2021 13:16,GCR   ,SP81-3250,,,,,0,0,0,0,0,0,0,0,0,0,0,0,0,0,0,0,0,0,0,0,0,0,0,0,0,0,0,0,0,,
410,Cañas Blancas,Cañas Blancas-11,5,true,5,2020-2021,78,1,5,110893,11,10.61,,12.8,1.5,,FAF,09/04/2021 06:11,C07,Mex79-431,,,,,0,0,0,0,0,0,0,0,0,0,0,0,0,0,0,0,0,0,0,0,83.17,0,85.21960415,0,100,0,91,0,0,,
411,Cañas Blancas,Cañas Blancas-20,5,true,5,2020-2021,79,1,5,110893,20,11.81,,14.7,1.65,,FAF,09/04/2021 11:11,R,B82-333,,,,,0,0,0,0,0,0,0,0,0,0,0,0,0,0,0,0,0,0,0,0,0,0,0,0,0,0,0,0,0,,
412,Cañas Blancas,Cañas Blancas-30,5,true,5,2020-2021,77,1,5,110893,30,20.13,,14.5,1.5,,FAF,08/04/2021 17:43,C01,SP81-3250,,,,,0,0,0,0,0,0,0,0,0,0,0,0,0,0,0,0,0,0,0,0,51.11,0,0,0,0,0,0,0,0,,
413,Cañas Blancas,Cañas Blancas-40,5,true,5,2020-2021,71,1,5,110893,40,25.68,,13.5,1.65,,FAF,31/03/2021 08:31,R,B82-333,,,,,0,0,0,0,0,0,0,0,0,0,0,0,0,0,0,0,0,0,0,0,0,0,0,0,0,0,0,0,0,,
414,Cañas Blancas,Cañas Blancas-75,5,true,5,2020-2021,69,5,5,110893,75,21.48,,14.5,1.5,,FAF,04/04/2021 12:02,C01,SP81-3250,,,,,0,0,0,0,0,0,0,0,0,0,0,0,0,0,0,0,0,0,0,0,65.56,0,0,0,0,0,0,0,0,,
415,Cañas Blancas,Cañas Blancas-121,5,true,5,2020-2021,70,5,5,110893,121,9.78,,13,1.5,,FAF,05/04/2021 00:30,GCR   ,SP81-3250      ,,,,,0,0,0,0,0,0,0,0,0,0,0,0,0,0,0,0,0,0,0,0,0,0,0,0,0,0,0,0,0,,
416,Cañas Blancas,Cañas Blancas-130,5,true,5,2020-2021,68,5,5,110893,130,20.85,,13.5,1.65,,FAF,03/04/2021 12:34,R,B82-333,,,,,0,0,0,0,0,0,0,0,0,0,0,0,0,0,0,0,0,0,0,0,0,0,0,0,0,0,0,0,0,,
417,Cañas Blancas,Cañas Blancas-131,5,true,5,2020-2021,67,5,5,110893,131,18.15,,13,1.5,,FAF,02/04/2021 11:42,GCR   ,SP81-3250      ,,,,,0,0,0,0,0,0,0,0,0,0,0,0,0,0,0,0,0,0,0,0,0,0,0,0,0,0,0,0,0,,
418,Cañas Blancas,Cañas Blancas-150,5,true,5,2020-2021,66,5,5,110893,150,10.97,,14.7,1.5,,FAF,01/04/2021 21:46,GCR   ,SP81-3250      ,,,,,0,0,0,0,0,0,0,0,0,0,0,0,0,0,0,0,0,0,0,0,0,0,0,0,0,0,0,0,0,,
107,Pericote,Pericote-10,1,true,1,2020-2021,71,5,1,110898,10,22.58,,5.6,1.5,,FAF,05/04/2021 19:50,CQ11,SP70-1284,,,,,0,0,0,0,0,0,0,0,0,0,0,0,0,0,0,0,0,0,0,0,0,0,69.68556244,0,0,0,81,0,0,,
108,Pericote,Pericote-20,1,true,1,2020-2021,3,6,1,110898,20,20.46,,4.7,1.5,,FAF,14/01/2021 17:57,CQ05,SP70-1284,,,,,0,0,0,0,0,0,0,0,0,0,0,0,0,0,0,0,0,0,0,0,0,0,78.78494624,0,94,0,90,0,0,,
109,Pericote,Pericote-30,1,true,1,2020-2021,2,6,1,110898,30,11.59,,4,1.5,,FAF,14/01/2021 14:52,C03,SP70-1284,,,,,0,0,0,0,0,0,0,0,0,0,0,0,0,0,0,0,0,0,0,0,86.97,0,82.29680759,0,89,0,0,0,0,,
110,Pericote,Pericote-40,1,true,1,2020-2021,4,6,1,110898,40,5.22,,3.1,1.5,,FAF,15/01/2021 12:50,C05,PR75-2002,,,,,0,0,0,0,0,0,0,0,0,0,0,0,0,0,0,0,0,0,0,0,107.54,0,95.10727969,0,76,0,109,0,0,,
111,Pericote,Pericote-50,1,true,1,2020-2021,1,6,1,110898,50,2.27,,3.6,1.5,,FAF,14/01/2021 00:20,C02,CP72-2086,,,,,0,0,0,0,0,0,0,0,0,0,0,0,0,0,0,0,0,0,0,0,61.31,0,0,0,0,0,0,0,0,,
112,Pericote,Pericote-60,1,true,1,2020-2021,25,6,1,110898,60,4.51,,3.6,1.5,,FAF,10/03/2021 22:42,C05,PR75-2002,,,,,0,0,0,0,0,0,0,0,0,0,0,0,0,0,0,0,0,0,0,0,69.1,0,70.37250554,0,55,0,73,0,0,,
113,PROLUXSA,PROLUXSA-10,1,true,1,2020-2021,26,6,1,110899,10,5.5,,0.4,1.5,,FAF,11/03/2021 21:13,C06,SP81-3250,,,,,0,0,0,0,0,0,0,0,0,0,0,0,0,0,0,0,0,0,0,0,80.8,0,68.09272727,0,84,0,115,0,0,,
114,PROLUXSA,PROLUXSA-11,1,true,1,2020-2021,27,6,1,110899,11,2.21,,0.04,1.5,,FAF,13/03/2021 12:05,C03,PCG12-745,,,,,0,0,0,0,0,0,0,0,0,0,0,0,0,0,0,0,0,0,0,0,104.78,0,69.36651584,0,89,0,0,0,0,,
115,PROLUXSA,PROLUXSA-12,1,true,1,2020-2021,28,6,1,110899,12,11,,0.4,1.65,,FAF,17/03/2021 06:33,R,SP81-3250,,,,,0,0,0,0,0,0,0,0,0,0,0,0,0,0,0,0,0,0,0,0,0,0,61.66909091,0,85,0,58,0,0,,
116,PROLUXSA,PROLUXSA-30,1,true,1,2020-2021,29,6,1,110899,30,11.72,,1.8,1.65,,FAF,17/03/2021 10:35,R,CC01-1940,,,,,0,0,0,0,0,0,0,0,0,0,0,0,0,0,0,0,0,0,0,0,0,0,0,0,0,0,0,0,0,,
187,El Guácimo,El Guácimo-11,2,true,2,2020-2021,30,6,2,110902,11,13.3,,12,1.5,,AR,20/03/2021 04:56,C04,SP70-1284,,,,,0,0,0,0,0,0,0,0,0,0,0,0,0,0,0,0,0,0,0,0,71.91,0,0,0,0,0,0,0,0,,
188,El Guácimo,El Guácimo-12,2,true,2,2020-2021,20,6,2,110902,12,6.24,,12,1.5,,AR,23/02/2021 23:47,C07,SP81-3250,,,,,0,0,0,0,0,0,0,0,0,0,0,0,0,0,0,0,0,0,0,0,87.05,0,0,0,0,0,0,0,0,,
189,El Guácimo,El Guácimo-13,2,true,2,2020-2021,21,6,2,110902,13,14.1,,12,1.5,,AR,01/03/2021 23:19,C04,SP70-1284,,,,,0,0,0,0,0,0,0,0,0,0,0,0,0,0,0,0,0,0,0,0,69.34,0,0,0,0,0,0,0,0,,
190,El Guácimo,El Guácimo-15,2,true,2,2020-2021,23,6,2,110902,15,7.41,,12,1.5,,AR,06/03/2021 12:32,C01S,SP70-1284,,,,,0,0,0,0,0,0,0,0,0,0,0,0,0,0,0,0,0,0,0,0,0,0,0,0,0,0,0,0,0,,
191,El Guácimo,El Guácimo-16,2,true,2,2020-2021,24,6,2,110902,16,6.51,,12,1.5,,ARF,07/03/2021 20:45,C01S,CP72-2086,,,,,0,0,0,0,0,0,0,0,0,0,0,0,0,0,0,0,0,0,0,0,0,0,0,0,0,0,0,0,0,,
192,El Guácimo,El Guácimo-31,2,true,2,2020-2021,19,6,2,110902,31,9.14,,12,1.5,,ARF,23/02/2021 07:16,C13,SP70-1284,,,,,0,0,0,0,0,0,0,0,0,0,0,0,0,0,0,0,0,0,0,0,106.94,0,79.74179431,0,69,0,95,0,0,,
193,El Guácimo,El Guácimo-40,2,true,2,2020-2021,18,6,2,110902,40,6.3,,12,1.65,,FAF,17/02/2021 11:59,FS,SP70-1284,,,,,0,0,0,0,0,0,0,0,0,0,0,0,0,0,0,0,0,0,0,0,0,0,0,0,0,0,0,0,0,,
276,Calle Larga,Calle Larga-10,4,true,4,2020-2021,22,6,4,110928,10,1.37,,35.985,1.7,,FARC,03/03/2021 14:42,C03,SP70-1284,,,,,0,0,0,0,0,0,0,0,0,0,0,0,0,0,0,0,0,0,0,0,114.58,0,111.6934307,0,89,0,0,0,0,,
277,Calle Larga,Calle Larga-20,4,true,4,2020-2021,17,6,4,110928,20,5.64,,35.985,1.7,,FARC,16/02/2021 00:01,C03,SP70-1284,,,,,0,0,0,0,0,0,0,0,0,0,0,0,0,0,0,0,0,0,0,0,112.8,0,77.7641844,0,110,0,0,0,0,,
278,Calle Larga,Calle Larga-30,4,true,4,2020-2021,14,6,4,110928,30,7.33,,35.985,1.7,,FARC,11/02/2021 09:15,C03,SP70-1284,,,,,0,0,0,0,0,0,0,0,0,0,0,0,0,0,0,0,0,0,0,0,120.29,0,110.9740791,0,109,0,0,0,0,,
279,Calle Larga,Calle Larga-40,4,true,4,2020-2021,15,6,4,110928,40,29.35,,35.985,1.7,,FARC,11/02/2021 15:15,C03,SP70-1284,,,,,0,0,0,0,0,0,0,0,0,0,0,0,0,0,0,0,0,0,0,0,122.9771721,0,106.7819421,0,142,0,0,0,0,,
280,Calle Larga,Calle Larga-60,4,true,4,2020-2021,16,6,4,110928,60,27.5,,35.985,1.7,,FARC,12/02/2021 13:47,C03,SP70-1284,,,,,0,0,0,0,0,0,0,0,0,0,0,0,0,0,0,0,0,0,0,0,133.82,0,114.8134545,0,125,0,0,0,0,,
281,Calle Larga,Calle Larga-65,4,true,4,2020-2021,12,6,4,110928,65,7.73,,36.38,1.7,,FARC,06/02/2021 12:27,C03,CP72-2086,,,,,0,0,0,0,0,0,0,0,0,0,0,0,0,0,0,0,0,0,0,0,136.01,0,104.2794308,0,157,0,0,0,0,,
282,Calle Larga,Calle Larga-66,4,true,4,2020-2021,13,6,4,110928,66,14.45,,35.985,1.7,,FARC,10/02/2021 06:48,C03,SP70-1284,,,,,0,0,0,0,0,0,0,0,0,0,0,0,0,0,0,0,0,0,0,0,127.48,0,95.02352941,0,140,0,0,0,0,,
283,Calle Larga,Calle Larga-70,4,true,4,2020-2021,8,6,4,110928,70,32.3,,36.38,1.7,,FARC,27/01/2021 13:02,C03,SP70-1284,,,,,0,0,0,0,0,0,0,0,0,0,0,0,0,0,0,0,0,0,0,0,145.53,0,146.6993808,0,88,0,0,0,0,,
284,Calle Larga,Calle Larga-71,4,true,4,2020-2021,9,6,4,110928,71,2,,36.38,1.7,,FARC,28/01/2021 07:11,C01,SP70-1284,,,,,0,0,0,0,0,0,0,0,0,0,0,0,0,0,0,0,0,0,0,0,87.95,0,0,0,0,0,0,0,0,,
285,Calle Larga,Calle Larga-80,4,true,4,2020-2021,7,6,4,110928,80,24.67,,36.38,1.7,,FARC,19/01/2021 05:18,C03,SP70-1284,,,,,0,0,0,0,0,0,0,0,0,0,0,0,0,0,0,0,0,0,0,0,126.98,0,128.1811917,0,84,0,0,0,0,,
286,Calle Larga,Calle Larga-90,4,true,4,2020-2021,6,6,4,110928,90,6.41,,36.775,1.7,,FARC,18/01/2021 22:18,C04,SP70-1284,,,,,0,0,0,0,0,0,0,0,0,0,0,0,0,0,0,0,0,0,0,0,124.29,0,113.850234,0,64,0,0,0,0,,
287,Calle Larga,Calle Larga-100,4,true,4,2020-2021,5,6,4,110928,100,67.42,,37.815,1.7,,FARC,16/01/2021 10:04,C03,SP81-3250,,,,,0,0,0,0,0,0,0,0,0,0,0,0,0,0,0,0,0,0,0,0,103.36,0,102.7597152,0,74,0,0,0,0,,
288,Calle Larga,Calle Larga-101,4,true,4,2020-2021,10,6,4,110928,101,25.97,,37.815,1.7,,FARC,01/02/2021 15:36,C01,SP70-1284,,,,,0,0,0,0,0,0,0,0,0,0,0,0,0,0,0,0,0,0,0,0,86.93,0,0,0,0,0,0,0,0,,
289,Calle Larga,Calle Larga-102,4,true,4,2020-2021,11,6,4,110928,102,15.13,,37.815,1.7,,FARC,03/02/2021 01:36,C01,SP70-1284,,,,,0,0,0,0,0,0,0,0,0,0,0,0,0,0,0,0,0,0,0,0,72.66,0,0,0,0,0,0,0,0,,
290,Calle Larga,Calle Larga-110,4,true,4,2020-2021,39,6,4,110928,110,54.05,,37.815,1.7,,FARC,28/03/2021 13:33,C03,SP70-1284,,,,,0,0,0,0,0,0,0,0,0,0,0,0,0,0,0,0,0,0,0,0,119.17,0,107.0649399,0,141,0,0,0,0,,
291,Calle Larga,Calle Larga-120,4,true,4,2020-2021,44,3,4,110928,120,14.59,,38.18,1.7,,FARC,23/03/2021 03:44,C03,SP70-1284,,,,,0,0,0,0,0,0,0,0,0,0,0,0,0,0,0,0,0,0,0,0,116.46,0,127.456477,0,83,0,0,0,0,,
292,Calle Larga,Calle Larga-121,4,true,4,2020-2021,49,6,4,110928,121,15.98,,38.565,1.7,,FARC,07/04/2021 14:03,C01,SP70-1284,,,,,0,0,0,0,0,0,0,0,0,0,0,0,0,0,0,0,0,0,0,0,95.21,0,0,0,0,0,0,0,0,,
293,Calle Larga,Calle Larga-130,4,true,4,2020-2021,45,3,4,110928,130,28.23,,38.18,1.7,,FARC,23/03/2021 05:55,C03,SP70-1284,,,,,0,0,0,0,0,0,0,0,0,0,0,0,0,0,0,0,0,0,0,0,133.08,0,146.1020191,0,97,0,0,0,0,,
294,Calle Larga,Calle Larga-140,4,true,4,2020-2021,15,4,4,110928,140,8.43,,36.775,1.7,,FARC,12/02/2021 03:44,C03,SP70-1284,,,,,0,0,0,0,0,0,0,0,0,0,0,0,0,0,0,0,0,0,0,0,150.76,0,175.5124555,0,79,0,0,0,0,,
295,Calle Larga,Calle Larga-150,4,true,4,2020-2021,14,4,4,110928,150,2.68,,37.015,1.7,,FARC,10/02/2021 15:28,C03,SP81-3250,,,,,0,0,0,0,0,0,0,0,0,0,0,0,0,0,0,0,0,0,0,0,105.4,0,104.7910448,0,90,0,0,0,0,,
296,Calle Larga,Calle Larga-160,4,true,4,2020-2021,48,6,4,110928,160,7.18,,37.015,1.7,,FARC,06/04/2021 20:17,C03,SP81-3250,,,,,0,0,0,0,0,0,0,0,0,0,0,0,0,0,0,0,0,0,0,0,151.21,0,146.8941504,0,95,0,0,0,0,,
297,Calle Larga,Calle Larga-170,4,true,4,2020-2021,54,1,4,110928,170,32.15,,37.015,1.7,,FARC,12/03/2021 20:29,C03,CP72-2086,,,,,0,0,0,0,0,0,0,0,0,0,0,0,0,0,0,0,0,0,0,0,119.46,0,124.0139969,0,91,0,0,0,0,,
298,Calle Larga,Calle Larga-180,4,true,4,2020-2021,16,4,4,110928,180,35.06,,37.97,1.7,,FARC,13/02/2021 00:04,C03,SP70-1284,,,,,0,0,0,0,0,0,0,0,0,0,0,0,0,0,0,0,0,0,0,0,118.09,0,117.0182544,0,97,0,0,0,0,,
299,Calle Larga,Calle Larga-190,4,true,4,2020-2021,18,4,4,110928,190,74.28,,37.53,1.7,,FARC,17/02/2021 17:10,C03,SP70-1284,,,,,0,0,0,0,0,0,0,0,0,0,0,0,0,0,0,0,0,0,0,0,137.82,0,125.1217017,0,133,0,0,0,0,,
300,Calle Larga,Calle Larga-195,4,true,4,2020-2021,57,1,4,110928,195,6.23,,37.53,1.7,,FARC,17/03/2021 06:16,C04,SP81-3250,,,,,0,0,0,0,0,0,0,0,0,0,0,0,0,0,0,0,0,0,0,0,137.05,0,122.0433387,0,133,0,0,0,0,,
301,Calle Larga,Calle Larga-200,4,true,4,2020-2021,20,4,4,110928,200,2.6,,37.53,1.7,,FARC,21/02/2021 02:22,C03,SP70-1284,,,,,0,0,0,0,0,0,0,0,0,0,0,0,0,0,0,0,0,0,0,0,116.28,0,74.24230769,0,130,0,0,0,0,,
302,Calle Larga,Calle Larga-210,4,true,4,2020-2021,21,4,4,110928,210,22.4,,37.53,1.7,,FARC,22/02/2021 00:53,C03,SP70-1284,,,,,0,0,0,0,0,0,0,0,0,0,0,0,0,0,0,0,0,0,0,0,138.68,0,120.1446429,0,149,0,0,0,0,,
303,Calle Larga,Calle Larga-220,4,true,4,2020-2021,17,4,4,110928,220,7.29,,37.53,1.7,,FARC,14/02/2021 06:20,C04,CP72-2086,,,,,0,0,0,0,0,0,0,0,0,0,0,0,0,0,0,0,0,0,0,0,139.92,0,115.9684499,0,117,0,0,0,0,,
304,Calle Larga,Calle Larga-230,4,true,4,2020-2021,55,1,4,110928,230,42.36,,37.53,1.7,,FARC,14/03/2021 14:09,C03,SP81-3250,,,,,0,0,0,0,0,0,0,0,0,0,0,0,0,0,0,0,0,0,0,0,115.2,0,92.97450425,0,153,0,0,0,0,,
305,Calle Larga,Calle Larga-240,4,true,4,2020-2021,56,1,4,110928,240,15.17,,37.97,1.7,,FARC,16/03/2021 12:34,C03,SP81-3250,,,,,0,0,0,0,0,0,0,0,0,0,0,0,0,0,0,0,0,0,0,0,101.67,0,90.35530653,0,86,0,0,0,0,,
257,Inm. Jarquin,Inm. Jarquin-10,3,true,3,2020-2021,19,4,3,130479,10,13.26,,5,1.5,,FAF,20/02/2021 09:44,C04,CP72-2086,,,,,0,0,0,0,0,0,0,0,0,0,0,0,0,0,0,0,0,0,0,0,108.1402715,0,100.3717949,0,73,0,124,0,0,,
258,Inm. Jarquin,Inm. Jarquin-11,3,true,3,2020-2021,26,5,3,130479,11,5.1,,5.1,1.5,,FAF,08/02/2021 01:09,C07,SP81-3250,,,,,0,0,0,0,0,0,0,0,0,0,0,0,0,0,0,0,0,0,0,0,80.14,0,77.40196078,0,115,0,79,0,0,,
259,Inm. Jarquin,Inm. Jarquin-12,3,true,3,2020-2021,27,5,3,130479,12,9.91,,4.9,1.5,,FAF,08/02/2021 09:37,C06,SP81-3250,,,,,0,0,0,0,0,0,0,0,0,0,0,0,0,0,0,0,0,0,0,0,97.61,0,86.38446014,0,87,0,101,0,0,,
260,Inm. Jarquin,Inm. Jarquin-13,3,true,3,2020-2021,89,2,3,130479,13,0.48,,5.2,1.5,,FAF,06/04/2021 05:34,C05,SP70-1284,,,,,0,0,0,0,0,0,0,0,0,0,0,0,0,0,0,0,0,0,0,0,83.39,0,63.14583333,0,93,0,77,0,0,,
261,Inm. Jarquin,Inm. Jarquin-15,3,true,3,2020-2021,90,2,3,130479,15,3.84,,6,1.5,,FAF,07/04/2021 02:00,C07,SP70-1284,,,,,0,0,0,0,0,0,0,0,0,0,0,0,0,0,0,0,0,0,0,0,105.96,0,78.25,0,88,0,83,0,0,,
262,Inm. Jarquin,Inm. Jarquin-50,3,true,3,2020-2021,91,2,3,130479,50,10.39,,5.4,1.5,,FAF,07/04/2021 07:56,C05,SP70-1284,,,,,0,0,0,0,0,0,0,0,0,0,0,0,0,0,0,0,0,0,0,0,107.02,0,82.62848893,0,188,0,108,0,0,,
263,Inm. Jarquin,Inm. Jarquin-52,3,true,3,2020-2021,85,2,3,130479,52,6.99,,4.8,1.5,,FAF,02/04/2021 04:59,C06,SP81-3250,,,,,0,0,0,0,0,0,0,0,0,0,0,0,0,0,0,0,0,0,0,0,94.73,0,85.09298999,0,117,0,101,0,0,,
264,Inm. Jarquin,Inm. Jarquin-370,3,true,3,2020-2021,84,2,3,130479,370,6.11,,5,1.65,,FAF,01/04/2021 13:14,R,SP81-3250,,,,,0,0,0,0,0,0,0,0,0,0,0,0,0,0,0,0,0,0,0,0,63,0,86.55646481,0,102,0,97,0,0,,
265,Inm. Jarquin,Inm. Jarquin-400,3,true,3,2020-2021,83,2,3,130479,400,2.38,,5.5,1.5,,FAF,31/03/2021 18:43,C03,SP70-1284,,,,,0,0,0,0,0,0,0,0,0,0,0,0,0,0,0,0,0,0,0,0,94.31,0,73.94117647,0,97,0,67,0,0,,
266,H. Rio Vista,H. Rio Vista-14,3,true,3,2020-2021,58,1,3,130480,14,9.21,,6.2,1.5,,FAF,17/03/2021 22:03,C010,SP70-1284,,,,,0,0,0,0,0,0,0,0,0,0,0,0,0,0,0,0,0,0,0,0,100.86,0,59.1009772,0,87,0,66,0,0,,
267,H. Rio Vista,H. Rio Vista-220,3,true,3,2020-2021,59,1,3,130480,220,7.81,,5,1.5,,FAF,18/03/2021 19:25,C17,SP70-1284,,,,,0,0,0,0,0,0,0,0,0,0,0,0,0,0,0,0,0,0,0,0,77.72,0,95.38668374,0,102,0,92,0,0,,
268,H. Rio Vista,H. Rio Vista-310,3,true,3,2020-2021,82,2,3,130480,310,2.31,,6.3,1.5,,FAF,31/03/2021 15:41,C01,B82-333,,,,,0,0,0,0,0,0,0,0,0,0,0,0,0,0,0,0,0,0,0,0,70,0,0,0,0,0,0,0,0,,
269,H. Rio Vista,H. Rio Vista-315,3,true,3,2020-2021,21,3,3,130480,315,3.13,,6.2,1.5,,FAF,08/02/2021 04:40,C01,B82-333,,,,,0,0,0,0,0,0,0,0,0,0,0,0,0,0,0,0,0,0,0,0,73.07,0,0,0,0,0,0,0,0,,
270,H. Rio Vista,H. Rio Vista-316,3,true,3,2020-2021,22,3,3,130480,316,3.06,,6.5,1.5,,FAF,08/02/2021 06:55,C010,SP70-1284,,,,,0,0,0,0,0,0,0,0,0,0,0,0,0,0,0,0,0,0,0,0,113.21,0,89.21895425,0,88,0,96,0,0,,
271,H. Rio Vista,H. Rio Vista-325,3,true,3,2020-2021,93,2,3,130480,325,16.34,,5,1.5,,FAF,09/04/2021 11:05,C03,SP70-1284,,,,,0,0,0,0,0,0,0,0,0,0,0,0,0,0,0,0,0,0,0,0,89.21,0,99.0250918,0,113,0,89,0,0,,
272,H. Rio Vista,H. Rio Vista-375,3,true,3,2020-2021,94,2,3,130480,375,18.2,,5,1.5,,FAF,11/04/2021 03:22,C03,SP70-1284,,,,,0,0,0,0,0,0,0,0,0,0,0,0,0,0,0,0,0,0,0,0,89.3,0,96.65714286,0,105,0,87,0,0,,
273,H. Rio Vista,H. Rio Vista-390,3,true,3,2020-2021,95,2,3,130480,390,7.18,,5.2,1.5,,FAF,11/04/2021 06:52,C07,SP70-1284,,,,,0,0,0,0,0,0,0,0,0,0,0,0,0,0,0,0,0,0,0,0,104.55,0,85.12116992,0,103,0,97,0,0,,
194,S S Esquivel,S S Esquivel-10,7,true,7,2020-2021,12,3,2,130796,10,20.12,,13,1.5,,ARF,23/01/2021 18:39,C04,CP89-2376,,,,,0,0,0,0,0,0,0,0,0,0,0,0,0,0,0,0,0,0,0,0,72.29,0,116.7067594,0,121,0,47,0,0,,
195,S S Esquivel,S S Esquivel-30,7,true,7,2020-2021,30,3,2,130796,30,6,,13,1.5,,ARF,20/02/2021 23:54,C07,SP70-1284,,,,,0,0,0,0,0,0,0,0,0,0,0,0,0,0,0,0,0,0,0,0,52.24,0,0,0,0,0,0,0,0,,
419,Cesar Morales,Cesar Morales-10,5,true,5,2020-2021,88,2,5,130863,10,43.3,,15.2,1.65,,FAF,04/04/2021 04:06,R,SP70-1284,,,,,0,0,0,0,0,0,0,0,0,0,0,0,0,0,0,0,0,0,0,0,0,0,0,0,0,0,0,0,0,,
420,Cesar Morales,Cesar Morales-20,5,true,5,2020-2021,48,3,5,130863,20,13.9,,7.3,1.5,,FAF,29/03/2021 04:06,C02,SP70-1284,,,,,0,0,0,0,0,0,0,0,0,0,0,0,0,0,0,0,0,0,0,0,88.82,0,0,0,0,0,0,0,0,,
421,Cesar Morales,Cesar Morales-30,5,true,5,2020-2021,0,,5,130863,30,4.05,,15.2,1.5,,FAF,,C08,SP70-1284,,,,,0,0,0,0,0,0,0,0,0,0,0,0,0,0,0,0,0,0,0,0,105.63,0,112.0197531,0,129,0,111,0,0,,
422,Ubaldine Pérez,Ubaldine Pérez-10,5,true,5,2020-2021,0,,5,130895,10,10.72,,14.3,1.5,,FAF,,C06,SP70-1284,,,,,0,0,0,0,0,0,0,0,0,0,0,0,0,0,0,0,0,0,0,0,90.07,0,75.45149254,0,108,0,110,0,0,,
423,Ubaldine Pérez,Ubaldine Pérez-20,5,true,5,2020-2021,0,,5,130895,20,12.61,,14.3,1.5,,FAF,,C06,SP70-1284,,,,,0,0,0,0,0,0,0,0,0,0,0,0,0,0,0,0,0,0,0,0,88.73,0,66.37192704,0,114,0,123,0,0,,
424,Ubaldine Pérez,Ubaldine Pérez-30,5,true,5,2020-2021,0,,5,130895,30,2.07,,14.3,1.5,,FAF,,C08,SP70-1284,,,,,0,0,0,0,0,0,0,0,0,0,0,0,0,0,0,0,0,0,0,0,90.14,0,80.47826087,0,110,0,76,0,0,,
274,Nical Foundation,Nical Foundation-10,3,true,3,2020-2021,0,,3,130905,10,7.43,,5,1.65,,FAF,,R,SP81-3250,,,,,0,0,0,0,0,0,0,0,0,0,0,0,0,0,0,0,0,0,0,0,80.18,0,0,0,0,0,0,0,0,,
275,Nical Foundation,Nical Foundation-20,3,true,3,2020-2021,0,,3,130905,20,10.05,,5,1.65,,FAF,,R,SP70-1284,,,,,0,0,0,0,0,0,0,0,0,0,0,0,0,0,0,0,0,0,0,0,81.3,0,0,0,0,0,0,0,0,,
425,Ubaldine Pérez,Ubaldine Pérez-10,5,true,5,2020-2021,0,,5,130910,10,9.53,,14.3,1.5,,FAF,,C07,SP70-1284,,,,,0,0,0,0,0,0,0,0,0,0,0,0,0,0,0,0,0,0,0,0,78.76,0,76.60965373,0,87,0,105,0,0,,
426,Ubaldine Pérez,Ubaldine Pérez-20,5,true,5,2020-2021,0,,5,130910,20,2.69,,14.3,1.5,,FAF,,C11,SP70-1284,,,,,0,0,0,0,0,0,0,0,0,0,0,0,0,0,0,0,0,0,0,0,83.94,0,61.55762082,0,88,0,79,0,0,,
427,Ubaldine Pérez,Ubaldine Pérez-30,5,true,5,2020-2021,0,,5,130910,30,0.57,,14.3,1.5,,FAF,,C11,SP70-1284,,,,,0,0,0,0,0,0,0,0,0,0,0,0,0,0,0,0,0,0,0,0,65.67,0,57.24561404,0,117,0,88,0,0,,
428,Ganadera Canta G,Ganadera Canta G-10,5,true,5,2020-2021,0,,5,130918,10,23.9,,12.8,1.5,,FAF,,C03,SP70-1284,,,,,0,0,0,0,0,0,0,0,0,0,0,0,0,0,0,0,0,0,0,0,100.72,0,106.1142259,0,0,0,0,0,0,,
429,Ganadera Canta G,Ganadera Canta G-20,5,true,5,2020-2021,0,,5,130918,20,22.44,,12.8,1.5,,FAF,,C03,SP70-1284,,,,,0,0,0,0,0,0,0,0,0,0,0,0,0,0,0,0,0,0,0,0,121.3728541,0,114.6510695,0,0,0,0,0,0,,
430,Ganadera Canta G,Ganadera Canta G-30,5,true,5,2020-2021,0,,5,130918,30,4.28,,12.8,1.5,,FAF,,C02,SP70-1284,,,,,0,0,0,0,0,0,0,0,0,0,0,0,0,0,0,0,0,0,0,0,87.79,0,0,0,3.8,0,100,0,0,,
431,Ganadera Canta G,Ganadera Canta G-40,5,true,5,2020-2021,0,,5,130918,40,2.7,,12.8,1.5,,FAF,,C01,SP70-1284,,,,,0,0,0,0,0,0,0,0,0,0,0,0,0,0,0,0,0,0,0,0,0,0,0,0,0,0,0,0,0,,
432,Natividad Pérez,Natividad Pérez-10,5,true,5,2020-2021,0,,5,130920,10,2.92,,15,1.5,,FAF,,C05,SP70-1284,,,,,0,0,0,0,0,0,0,0,0,0,0,0,0,0,0,0,0,0,0,0,69.42,0,61.26369863,0,109,0,83,0,0,,
433,Natividad Pérez,Natividad Pérez-20,5,true,5,2020-2021,0,,5,130920,20,3.57,,15.9,1.5,,FAF,,C13,SP70-1284,,,,,0,0,0,0,0,0,0,0,0,0,0,0,0,0,0,0,0,0,0,0,67.16,0,101.7254902,0,78,0,109,0,0,,
434,Ganadera JM,Ganadera JM-10,5,true,5,2020-2021,0,,5,130927,10,22.6,,15.2,1.65,,FAF,,R,B82-333,,,,,0,0,0,0,0,0,0,0,0,0,0,0,0,0,0,0,0,0,0,0,0,0,0,0,0,0,0,0,0,,
435,Ganadera JM,Ganadera JM-20,5,true,5,2020-2021,0,,5,130927,20,12.6,,15.2,1.5,,FAF,,C03,SP81-3250,,,,,0,0,0,0,0,0,0,0,0,0,0,0,0,0,0,0,0,0,0,0,73.87,0,85.76349206,0,74,0,0,0,0,,
